id,firstname,lastname,email,email2,profession
100,Sarette,Serilda,Sarette.Serilda@yopmail.com,Sarette.Serilda@gmail.com,police officer
101,Merry,Terencio,Merry.Terencio@yopmail.com,Merry.Terencio@gmail.com,doctor
102,Eolanda,Longfellow,Eolanda.Longfellow@yopmail.com,Eolanda.Longfellow@gmail.com,firefighter
103,Maridel,Briney,Maridel.Briney@yopmail.com,Maridel.Briney@gmail.com,police officer
104,Yolane,Solitta,Yolane.Solitta@yopmail.com,Yolane.Solitta@gmail.com,police officer
105,Bernie,Bonilla,Bernie.Bonilla@yopmail.com,Bernie.Bonilla@gmail.com,worker
106,Lita,Ball,Lita.Ball@yopmail.com,Lita.Ball@gmail.com,police officer
107,Kylynn,LaRue,Kylynn.LaRue@yopmail.com,Kylynn.LaRue@gmail.com,police officer
108,Layla,Winthorpe,Layla.Winthorpe@yopmail.com,Layla.Winthorpe@gmail.com,worker
109,Keelia,Jerald,Keelia.Jerald@yopmail.com,Keelia.Jerald@gmail.com,firefighter
110,Daphne,Burch,Daphne.Burch@yopmail.com,Daphne.Burch@gmail.com,firefighter
111,Danika,Tippets,Danika.Tippets@yopmail.com,Danika.Tippets@gmail.com,firefighter
112,Larine,Fancie,Larine.Fancie@yopmail.com,Larine.Fancie@gmail.com,firefighter
113,Gerianna,Janene,Gerianna.Janene@yopmail.com,Gerianna.Janene@gmail.com,doctor
114,Asia,Isacco,Asia.Isacco@yopmail.com,Asia.Isacco@gmail.com,developer
115,Fanchon,Oster,Fanchon.Oster@yopmail.com,Fanchon.Oster@gmail.com,doctor
116,Sibella,Seumas,Sibella.Seumas@yopmail.com,Sibella.Seumas@gmail.com,developer
117,Rhoda,Ortrude,Rhoda.Ortrude@yopmail.com,Rhoda.Ortrude@gmail.com,police officer
118,Carmencita,Ietta,Carmencita.Ietta@yopmail.com,Carmencita.Ietta@gmail.com,firefighter
119,Gertrud,Swigart,Gertrud.Swigart@yopmail.com,Gertrud.Swigart@gmail.com,worker
120,Bee,Nickola,Bee.Nickola@yopmail.com,Bee.Nickola@gmail.com,doctor
121,Selia,Neils,Selia.Neils@yopmail.com,Selia.Neils@gmail.com,firefighter
122,Violet,Germann,Violet.Germann@yopmail.com,Violet.Germann@gmail.com,doctor
123,Philis,Philoo,Philis.Philoo@yopmail.com,Philis.Philoo@gmail.com,doctor
124,Jinny,Ovid,Jinny.Ovid@yopmail.com,Jinny.Ovid@gmail.com,firefighter
125,Fina,Magnolia,Fina.Magnolia@yopmail.com,Fina.Magnolia@gmail.com,firefighter
126,Lulita,Lory,Lulita.Lory@yopmail.com,Lulita.Lory@gmail.com,doctor
127,Romona,Corilla,Romona.Corilla@yopmail.com,Romona.Corilla@gmail.com,police officer
128,Jaime,Kaja,Jaime.Kaja@yopmail.com,Jaime.Kaja@gmail.com,worker
129,Inga,Leary,Inga.Leary@yopmail.com,Inga.Leary@gmail.com,doctor
130,Morganica,Phi,Morganica.Phi@yopmail.com,Morganica.Phi@gmail.com,doctor
131,Bobbi,Idelia,Bobbi.Idelia@yopmail.com,Bobbi.Idelia@gmail.com,doctor
132,Fred,Waldron,Fred.Waldron@yopmail.com,Fred.Waldron@gmail.com,firefighter
133,Gertrud,Westphal,Gertrud.Westphal@yopmail.com,Gertrud.Westphal@gmail.com,doctor
134,Peri,Leffen,Peri.Leffen@yopmail.com,Peri.Leffen@gmail.com,police officer
135,Janis,Brunell,Janis.Brunell@yopmail.com,Janis.Brunell@gmail.com,developer
136,Amara,Decato,Amara.Decato@yopmail.com,Amara.Decato@gmail.com,developer
137,Claresta,Buffum,Claresta.Buffum@yopmail.com,Claresta.Buffum@gmail.com,developer
138,Ann-Marie,Esmaria,Ann-Marie.Esmaria@yopmail.com,Ann-Marie.Esmaria@gmail.com,police officer
139,Caressa,Sparhawk,Caressa.Sparhawk@yopmail.com,Caressa.Sparhawk@gmail.com,police officer
140,Nita,Bibi,Nita.Bibi@yopmail.com,Nita.Bibi@gmail.com,police officer
141,Hyacinthe,Odell,Hyacinthe.Odell@yopmail.com,Hyacinthe.Odell@gmail.com,firefighter
142,Albertina,Isidore,Albertina.Isidore@yopmail.com,Albertina.Isidore@gmail.com,firefighter
143,Alejandra,Kosey,Alejandra.Kosey@yopmail.com,Alejandra.Kosey@gmail.com,developer
144,Nyssa,Gladstone,Nyssa.Gladstone@yopmail.com,Nyssa.Gladstone@gmail.com,doctor
145,Madelle,Percy,Madelle.Percy@yopmail.com,Madelle.Percy@gmail.com,doctor
146,Cindelyn,Simmonds,Cindelyn.Simmonds@yopmail.com,Cindelyn.Simmonds@gmail.com,worker
147,Bernie,Leary,Bernie.Leary@yopmail.com,Bernie.Leary@gmail.com,doctor
148,Doro,Candy,Doro.Candy@yopmail.com,Doro.Candy@gmail.com,worker
149,Jsandye,Wallis,Jsandye.Wallis@yopmail.com,Jsandye.Wallis@gmail.com,police officer
150,Harrietta,Marijo,Harrietta.Marijo@yopmail.com,Harrietta.Marijo@gmail.com,developer
151,Tori,Saunderson,Tori.Saunderson@yopmail.com,Tori.Saunderson@gmail.com,police officer
152,Marinna,Sundin,Marinna.Sundin@yopmail.com,Marinna.Sundin@gmail.com,firefighter
153,Felice,Carri,Felice.Carri@yopmail.com,Felice.Carri@gmail.com,doctor
154,Christal,Lilybelle,Christal.Lilybelle@yopmail.com,Christal.Lilybelle@gmail.com,firefighter
155,Lonnie,Sprage,Lonnie.Sprage@yopmail.com,Lonnie.Sprage@gmail.com,police officer
156,Belva,Ellerey,Belva.Ellerey@yopmail.com,Belva.Ellerey@gmail.com,worker
157,Berget,Bibi,Berget.Bibi@yopmail.com,Berget.Bibi@gmail.com,doctor
158,Evita,Schroth,Evita.Schroth@yopmail.com,Evita.Schroth@gmail.com,police officer
159,Sandie,Stover,Sandie.Stover@yopmail.com,Sandie.Stover@gmail.com,firefighter
160,Gui,Rhu,Gui.Rhu@yopmail.com,Gui.Rhu@gmail.com,worker
161,Clo,Sekofski,Clo.Sekofski@yopmail.com,Clo.Sekofski@gmail.com,firefighter
162,Candy,Gert,Candy.Gert@yopmail.com,Candy.Gert@gmail.com,police officer
163,Kittie,Rosemary,Kittie.Rosemary@yopmail.com,Kittie.Rosemary@gmail.com,worker
164,Merci,Valerio,Merci.Valerio@yopmail.com,Merci.Valerio@gmail.com,police officer
165,Merrie,Uird,Merrie.Uird@yopmail.com,Merrie.Uird@gmail.com,police officer
166,Gabriellia,Nester,Gabriellia.Nester@yopmail.com,Gabriellia.Nester@gmail.com,developer
167,Cherrita,Bandeen,Cherrita.Bandeen@yopmail.com,Cherrita.Bandeen@gmail.com,worker
168,Adele,Janith,Adele.Janith@yopmail.com,Adele.Janith@gmail.com,police officer
169,Deloria,Cadmar,Deloria.Cadmar@yopmail.com,Deloria.Cadmar@gmail.com,doctor
170,Lily,Linskey,Lily.Linskey@yopmail.com,Lily.Linskey@gmail.com,worker
171,Janey,Tamsky,Janey.Tamsky@yopmail.com,Janey.Tamsky@gmail.com,police officer
172,Bettine,Zenas,Bettine.Zenas@yopmail.com,Bettine.Zenas@gmail.com,firefighter
173,Aubrie,Sinegold,Aubrie.Sinegold@yopmail.com,Aubrie.Sinegold@gmail.com,worker
174,Dari,Ulphia,Dari.Ulphia@yopmail.com,Dari.Ulphia@gmail.com,worker
175,Daune,Kussell,Daune.Kussell@yopmail.com,Daune.Kussell@gmail.com,firefighter
176,Jessy,Peg,Jessy.Peg@yopmail.com,Jessy.Peg@gmail.com,firefighter
177,Mady,Rodmann,Mady.Rodmann@yopmail.com,Mady.Rodmann@gmail.com,firefighter
178,Goldie,Bearnard,Goldie.Bearnard@yopmail.com,Goldie.Bearnard@gmail.com,doctor
179,Corly,Lunsford,Corly.Lunsford@yopmail.com,Corly.Lunsford@gmail.com,doctor
180,Carmencita,Arquit,Carmencita.Arquit@yopmail.com,Carmencita.Arquit@gmail.com,doctor
181,Gisela,Graig,Gisela.Graig@yopmail.com,Gisela.Graig@gmail.com,developer
182,Briney,Hortensia,Briney.Hortensia@yopmail.com,Briney.Hortensia@gmail.com,developer
183,Adriana,Weitman,Adriana.Weitman@yopmail.com,Adriana.Weitman@gmail.com,worker
184,Anthia,Ax,Anthia.Ax@yopmail.com,Anthia.Ax@gmail.com,developer
185,Emmey,Roumell,Emmey.Roumell@yopmail.com,Emmey.Roumell@gmail.com,police officer
186,Berget,Georgy,Berget.Georgy@yopmail.com,Berget.Georgy@gmail.com,doctor
187,Roberta,Noman,Roberta.Noman@yopmail.com,Roberta.Noman@gmail.com,police officer
188,Penelopa,Hutchison,Penelopa.Hutchison@yopmail.com,Penelopa.Hutchison@gmail.com,doctor
189,Kimmy,Trey,Kimmy.Trey@yopmail.com,Kimmy.Trey@gmail.com,police officer
190,Joy,Marsden,Joy.Marsden@yopmail.com,Joy.Marsden@gmail.com,police officer
191,Annabela,Yate,Annabela.Yate@yopmail.com,Annabela.Yate@gmail.com,worker
192,Silvana,Zachary,Silvana.Zachary@yopmail.com,Silvana.Zachary@gmail.com,police officer
193,Konstance,Niccolo,Konstance.Niccolo@yopmail.com,Konstance.Niccolo@gmail.com,doctor
194,Dawn,Fry,Dawn.Fry@yopmail.com,Dawn.Fry@gmail.com,police officer
195,Dennie,Dalli,Dennie.Dalli@yopmail.com,Dennie.Dalli@gmail.com,doctor
196,Dede,Tice,Dede.Tice@yopmail.com,Dede.Tice@gmail.com,police officer
197,Wendi,Morgun,Wendi.Morgun@yopmail.com,Wendi.Morgun@gmail.com,doctor
198,Ardeen,Himelman,Ardeen.Himelman@yopmail.com,Ardeen.Himelman@gmail.com,doctor
199,Kaja,Dahlia,Kaja.Dahlia@yopmail.com,Kaja.Dahlia@gmail.com,worker
200,Dale,Bach,Dale.Bach@yopmail.com,Dale.Bach@gmail.com,firefighter
201,Bernie,Reinke,Bernie.Reinke@yopmail.com,Bernie.Reinke@gmail.com,firefighter
202,Corina,Palocz,Corina.Palocz@yopmail.com,Corina.Palocz@gmail.com,doctor
203,Fernande,Merat,Fernande.Merat@yopmail.com,Fernande.Merat@gmail.com,police officer
204,Constance,Ax,Constance.Ax@yopmail.com,Constance.Ax@gmail.com,developer
205,Linet,Thad,Linet.Thad@yopmail.com,Linet.Thad@gmail.com,developer
206,Rhoda,Ingra,Rhoda.Ingra@yopmail.com,Rhoda.Ingra@gmail.com,police officer
207,Korrie,Kat,Korrie.Kat@yopmail.com,Korrie.Kat@gmail.com,police officer
208,Mara,Jalbert,Mara.Jalbert@yopmail.com,Mara.Jalbert@gmail.com,worker
209,Bertine,Sabella,Bertine.Sabella@yopmail.com,Bertine.Sabella@gmail.com,doctor
210,Rochette,Shaddock,Rochette.Shaddock@yopmail.com,Rochette.Shaddock@gmail.com,worker
211,Magdalena,Tiffa,Magdalena.Tiffa@yopmail.com,Magdalena.Tiffa@gmail.com,firefighter
212,Angela,Euridice,Angela.Euridice@yopmail.com,Angela.Euridice@gmail.com,worker
213,Kathi,Behre,Kathi.Behre@yopmail.com,Kathi.Behre@gmail.com,firefighter
214,Xylina,Tremayne,Xylina.Tremayne@yopmail.com,Xylina.Tremayne@gmail.com,worker
215,Xylina,Larochelle,Xylina.Larochelle@yopmail.com,Xylina.Larochelle@gmail.com,police officer
216,Nadine,Kalinda,Nadine.Kalinda@yopmail.com,Nadine.Kalinda@gmail.com,developer
217,Roxane,Deny,Roxane.Deny@yopmail.com,Roxane.Deny@gmail.com,worker
218,Rivalee,Trinetta,Rivalee.Trinetta@yopmail.com,Rivalee.Trinetta@gmail.com,worker
219,Siana,Miru,Siana.Miru@yopmail.com,Siana.Miru@gmail.com,developer
220,Winifred,Alcott,Winifred.Alcott@yopmail.com,Winifred.Alcott@gmail.com,developer
221,Ulrike,Zola,Ulrike.Zola@yopmail.com,Ulrike.Zola@gmail.com,police officer
222,Wendi,Yuille,Wendi.Yuille@yopmail.com,Wendi.Yuille@gmail.com,firefighter
223,Ana,Adore,Ana.Adore@yopmail.com,Ana.Adore@gmail.com,police officer
224,Carree,Glovsky,Carree.Glovsky@yopmail.com,Carree.Glovsky@gmail.com,doctor
225,Kathy,Lynn,Kathy.Lynn@yopmail.com,Kathy.Lynn@gmail.com,developer
226,Juliane,Wilona,Juliane.Wilona@yopmail.com,Juliane.Wilona@gmail.com,developer
227,Heida,Sancho,Heida.Sancho@yopmail.com,Heida.Sancho@gmail.com,police officer
228,Laurene,Wiener,Laurene.Wiener@yopmail.com,Laurene.Wiener@gmail.com,police officer
229,Fidelia,Morehouse,Fidelia.Morehouse@yopmail.com,Fidelia.Morehouse@gmail.com,police officer
230,Riannon,Toni,Riannon.Toni@yopmail.com,Riannon.Toni@gmail.com,police officer
231,Hayley,Hamil,Hayley.Hamil@yopmail.com,Hayley.Hamil@gmail.com,firefighter
232,Elbertina,Lutero,Elbertina.Lutero@yopmail.com,Elbertina.Lutero@gmail.com,doctor
233,Drucie,Engdahl,Drucie.Engdahl@yopmail.com,Drucie.Engdahl@gmail.com,doctor
234,Mildrid,Alarise,Mildrid.Alarise@yopmail.com,Mildrid.Alarise@gmail.com,police officer
235,Alejandra,Sinegold,Alejandra.Sinegold@yopmail.com,Alejandra.Sinegold@gmail.com,police officer
236,Kristan,Toffic,Kristan.Toffic@yopmail.com,Kristan.Toffic@gmail.com,firefighter
237,Gwenneth,Charmine,Gwenneth.Charmine@yopmail.com,Gwenneth.Charmine@gmail.com,doctor
238,Charissa,Angelis,Charissa.Angelis@yopmail.com,Charissa.Angelis@gmail.com,doctor
239,Elmira,Campball,Elmira.Campball@yopmail.com,Elmira.Campball@gmail.com,firefighter
240,Pierette,Cavan,Pierette.Cavan@yopmail.com,Pierette.Cavan@gmail.com,firefighter
241,Violet,Terencio,Violet.Terencio@yopmail.com,Violet.Terencio@gmail.com,police officer
242,Babita,Adalbert,Babita.Adalbert@yopmail.com,Babita.Adalbert@gmail.com,developer
243,Dede,Lunsford,Dede.Lunsford@yopmail.com,Dede.Lunsford@gmail.com,firefighter
244,Damaris,Montgomery,Damaris.Montgomery@yopmail.com,Damaris.Montgomery@gmail.com,worker
245,Vivia,Rocray,Vivia.Rocray@yopmail.com,Vivia.Rocray@gmail.com,doctor
246,Vinita,Myrilla,Vinita.Myrilla@yopmail.com,Vinita.Myrilla@gmail.com,developer
247,Lesly,Bevin,Lesly.Bevin@yopmail.com,Lesly.Bevin@gmail.com,worker
248,Caryl,Kirbee,Caryl.Kirbee@yopmail.com,Caryl.Kirbee@gmail.com,firefighter
249,Courtnay,Sallyann,Courtnay.Sallyann@yopmail.com,Courtnay.Sallyann@gmail.com,police officer
250,Chrystel,Bennie,Chrystel.Bennie@yopmail.com,Chrystel.Bennie@gmail.com,police officer
251,Lizzie,Dituri,Lizzie.Dituri@yopmail.com,Lizzie.Dituri@gmail.com,doctor
252,Margette,Ade,Margette.Ade@yopmail.com,Margette.Ade@gmail.com,doctor
253,Melodie,Japeth,Melodie.Japeth@yopmail.com,Melodie.Japeth@gmail.com,worker
254,Deloria,Nelsen,Deloria.Nelsen@yopmail.com,Deloria.Nelsen@gmail.com,worker
255,Leontine,Olympium,Leontine.Olympium@yopmail.com,Leontine.Olympium@gmail.com,doctor
256,Violet,Pascia,Violet.Pascia@yopmail.com,Violet.Pascia@gmail.com,doctor
257,Xylina,Iphlgenia,Xylina.Iphlgenia@yopmail.com,Xylina.Iphlgenia@gmail.com,developer
258,Dennie,Travax,Dennie.Travax@yopmail.com,Dennie.Travax@gmail.com,doctor
259,Anica,Teryn,Anica.Teryn@yopmail.com,Anica.Teryn@gmail.com,police officer
260,Ardys,Land,Ardys.Land@yopmail.com,Ardys.Land@gmail.com,developer
261,Ofilia,Dichy,Ofilia.Dichy@yopmail.com,Ofilia.Dichy@gmail.com,developer
262,Priscilla,Cristi,Priscilla.Cristi@yopmail.com,Priscilla.Cristi@gmail.com,firefighter
263,Gui,Caitlin,Gui.Caitlin@yopmail.com,Gui.Caitlin@gmail.com,worker
264,Lorie,Celestine,Lorie.Celestine@yopmail.com,Lorie.Celestine@gmail.com,developer
265,Aili,Irmine,Aili.Irmine@yopmail.com,Aili.Irmine@gmail.com,firefighter
266,Julieta,Dom,Julieta.Dom@yopmail.com,Julieta.Dom@gmail.com,doctor
267,Sara-Ann,Smitt,Sara-Ann.Smitt@yopmail.com,Sara-Ann.Smitt@gmail.com,police officer
268,Perry,Armanda,Perry.Armanda@yopmail.com,Perry.Armanda@gmail.com,worker
269,Albertina,Danby,Albertina.Danby@yopmail.com,Albertina.Danby@gmail.com,police officer
270,Mady,Adamsen,Mady.Adamsen@yopmail.com,Mady.Adamsen@gmail.com,doctor
271,Hollie,Jefferey,Hollie.Jefferey@yopmail.com,Hollie.Jefferey@gmail.com,doctor
272,Paule,Martsen,Paule.Martsen@yopmail.com,Paule.Martsen@gmail.com,worker
273,Corene,Pond,Corene.Pond@yopmail.com,Corene.Pond@gmail.com,firefighter
274,Shell,Oneida,Shell.Oneida@yopmail.com,Shell.Oneida@gmail.com,firefighter
275,Christian,Erich,Christian.Erich@yopmail.com,Christian.Erich@gmail.com,doctor
276,Mamie,Salvidor,Mamie.Salvidor@yopmail.com,Mamie.Salvidor@gmail.com,developer
277,Antonietta,Gabrielli,Antonietta.Gabrielli@yopmail.com,Antonietta.Gabrielli@gmail.com,developer
278,Leona,Oriana,Leona.Oriana@yopmail.com,Leona.Oriana@gmail.com,worker
279,Ana,Agle,Ana.Agle@yopmail.com,Ana.Agle@gmail.com,firefighter
280,Henriette,Hurley,Henriette.Hurley@yopmail.com,Henriette.Hurley@gmail.com,worker
281,Ginnie,Means,Ginnie.Means@yopmail.com,Ginnie.Means@gmail.com,firefighter
282,Daphne,Santoro,Daphne.Santoro@yopmail.com,Daphne.Santoro@gmail.com,doctor
283,Bettine,Goldina,Bettine.Goldina@yopmail.com,Bettine.Goldina@gmail.com,firefighter
284,Tami,Gale,Tami.Gale@yopmail.com,Tami.Gale@gmail.com,police officer
285,Frank,Salvidor,Frank.Salvidor@yopmail.com,Frank.Salvidor@gmail.com,firefighter
286,Alie,Pascia,Alie.Pascia@yopmail.com,Alie.Pascia@gmail.com,police officer
287,Veda,Edee,Veda.Edee@yopmail.com,Veda.Edee@gmail.com,developer
288,Winny,Jobi,Winny.Jobi@yopmail.com,Winny.Jobi@gmail.com,worker
289,Dyann,Schonfeld,Dyann.Schonfeld@yopmail.com,Dyann.Schonfeld@gmail.com,worker
290,Alexine,Revkah,Alexine.Revkah@yopmail.com,Alexine.Revkah@gmail.com,doctor
291,Ardeen,Monk,Ardeen.Monk@yopmail.com,Ardeen.Monk@gmail.com,police officer
292,Daryl,Quent,Daryl.Quent@yopmail.com,Daryl.Quent@gmail.com,worker
293,Lilith,Romelda,Lilith.Romelda@yopmail.com,Lilith.Romelda@gmail.com,police officer
294,Kittie,Marcellus,Kittie.Marcellus@yopmail.com,Kittie.Marcellus@gmail.com,firefighter
295,Valera,Idelia,Valera.Idelia@yopmail.com,Valera.Idelia@gmail.com,firefighter
296,Gretal,Orelee,Gretal.Orelee@yopmail.com,Gretal.Orelee@gmail.com,doctor
297,Carmela,Georas,Carmela.Georas@yopmail.com,Carmela.Georas@gmail.com,firefighter
298,Georgetta,Travax,Georgetta.Travax@yopmail.com,Georgetta.Travax@gmail.com,police officer
299,Leona,Francene,Leona.Francene@yopmail.com,Leona.Francene@gmail.com,worker
300,Darci,Deegan,Darci.Deegan@yopmail.com,Darci.Deegan@gmail.com,firefighter
301,Aryn,Sibyls,Aryn.Sibyls@yopmail.com,Aryn.Sibyls@gmail.com,police officer
302,Paola,Alcott,Paola.Alcott@yopmail.com,Paola.Alcott@gmail.com,worker
303,Shauna,Edmund,Shauna.Edmund@yopmail.com,Shauna.Edmund@gmail.com,doctor
304,Dale,Ariella,Dale.Ariella@yopmail.com,Dale.Ariella@gmail.com,police officer
305,Annabela,Paton,Annabela.Paton@yopmail.com,Annabela.Paton@gmail.com,firefighter
306,Nita,Nester,Nita.Nester@yopmail.com,Nita.Nester@gmail.com,firefighter
307,Dione,Carbo,Dione.Carbo@yopmail.com,Dione.Carbo@gmail.com,developer
308,Sadie,Natalia,Sadie.Natalia@yopmail.com,Sadie.Natalia@gmail.com,police officer
309,Camile,Cimbura,Camile.Cimbura@yopmail.com,Camile.Cimbura@gmail.com,doctor
310,Dari,Berard,Dari.Berard@yopmail.com,Dari.Berard@gmail.com,doctor
311,Yetty,Japeth,Yetty.Japeth@yopmail.com,Yetty.Japeth@gmail.com,worker
312,Renae,Neva,Renae.Neva@yopmail.com,Renae.Neva@gmail.com,firefighter
313,Stacey,Cottle,Stacey.Cottle@yopmail.com,Stacey.Cottle@gmail.com,police officer
314,Justinn,Palocz,Justinn.Palocz@yopmail.com,Justinn.Palocz@gmail.com,developer
315,Orsola,Niccolo,Orsola.Niccolo@yopmail.com,Orsola.Niccolo@gmail.com,firefighter
316,Phylis,Mendez,Phylis.Mendez@yopmail.com,Phylis.Mendez@gmail.com,police officer
317,Vevay,Carbo,Vevay.Carbo@yopmail.com,Vevay.Carbo@gmail.com,police officer
318,Kara-Lynn,Gaulin,Kara-Lynn.Gaulin@yopmail.com,Kara-Lynn.Gaulin@gmail.com,worker
319,Roxane,Monk,Roxane.Monk@yopmail.com,Roxane.Monk@gmail.com,firefighter
320,Linet,Carvey,Linet.Carvey@yopmail.com,Linet.Carvey@gmail.com,firefighter
321,Elyssa,Daveta,Elyssa.Daveta@yopmail.com,Elyssa.Daveta@gmail.com,worker
322,Olivette,Ciapas,Olivette.Ciapas@yopmail.com,Olivette.Ciapas@gmail.com,doctor
323,Raquela,Bobbee,Raquela.Bobbee@yopmail.com,Raquela.Bobbee@gmail.com,developer
324,Alejandra,Burch,Alejandra.Burch@yopmail.com,Alejandra.Burch@gmail.com,firefighter
325,Alyda,Loring,Alyda.Loring@yopmail.com,Alyda.Loring@gmail.com,developer
326,Marguerite,Halsey,Marguerite.Halsey@yopmail.com,Marguerite.Halsey@gmail.com,police officer
327,Cissiee,Norvol,Cissiee.Norvol@yopmail.com,Cissiee.Norvol@gmail.com,developer
328,Rhoda,Maroney,Rhoda.Maroney@yopmail.com,Rhoda.Maroney@gmail.com,doctor
329,Nananne,Narton,Nananne.Narton@yopmail.com,Nananne.Narton@gmail.com,developer
330,Frieda,Sawtelle,Frieda.Sawtelle@yopmail.com,Frieda.Sawtelle@gmail.com,firefighter
331,Paulita,Brittani,Paulita.Brittani@yopmail.com,Paulita.Brittani@gmail.com,doctor
332,Suzette,Chrystel,Suzette.Chrystel@yopmail.com,Suzette.Chrystel@gmail.com,firefighter
333,Mariele,Helve,Mariele.Helve@yopmail.com,Mariele.Helve@gmail.com,police officer
334,Hollie,Franza,Hollie.Franza@yopmail.com,Hollie.Franza@gmail.com,firefighter
335,Jorry,Rurik,Jorry.Rurik@yopmail.com,Jorry.Rurik@gmail.com,developer
336,Dacia,Weitman,Dacia.Weitman@yopmail.com,Dacia.Weitman@gmail.com,developer
337,Blinni,Arvo,Blinni.Arvo@yopmail.com,Blinni.Arvo@gmail.com,doctor
338,Carlie,Lowry,Carlie.Lowry@yopmail.com,Carlie.Lowry@gmail.com,worker
339,Cissiee,Holtz,Cissiee.Holtz@yopmail.com,Cissiee.Holtz@gmail.com,firefighter
340,Dyann,Malvino,Dyann.Malvino@yopmail.com,Dyann.Malvino@gmail.com,developer
341,Blake,Sinegold,Blake.Sinegold@yopmail.com,Blake.Sinegold@gmail.com,firefighter
342,Rani,Connelly,Rani.Connelly@yopmail.com,Rani.Connelly@gmail.com,police officer
343,Camile,Cressida,Camile.Cressida@yopmail.com,Camile.Cressida@gmail.com,firefighter
344,Elbertina,Hieronymus,Elbertina.Hieronymus@yopmail.com,Elbertina.Hieronymus@gmail.com,worker
345,Lilith,Phyllis,Lilith.Phyllis@yopmail.com,Lilith.Phyllis@gmail.com,doctor
346,Raina,Donell,Raina.Donell@yopmail.com,Raina.Donell@gmail.com,developer
347,Alisha,Lowry,Alisha.Lowry@yopmail.com,Alisha.Lowry@gmail.com,police officer
348,Gusty,Erlandson,Gusty.Erlandson@yopmail.com,Gusty.Erlandson@gmail.com,firefighter
349,Delilah,Eiser,Delilah.Eiser@yopmail.com,Delilah.Eiser@gmail.com,police officer
350,Harmonia,Norrie,Harmonia.Norrie@yopmail.com,Harmonia.Norrie@gmail.com,police officer
351,Morganica,Sabella,Morganica.Sabella@yopmail.com,Morganica.Sabella@gmail.com,police officer
352,Aurore,Bettine,Aurore.Bettine@yopmail.com,Aurore.Bettine@gmail.com,police officer
353,Tybie,Percy,Tybie.Percy@yopmail.com,Tybie.Percy@gmail.com,doctor
354,Sarette,Raffo,Sarette.Raffo@yopmail.com,Sarette.Raffo@gmail.com,worker
355,Genovera,Gaspard,Genovera.Gaspard@yopmail.com,Genovera.Gaspard@gmail.com,police officer
356,Teriann,Trinetta,Teriann.Trinetta@yopmail.com,Teriann.Trinetta@gmail.com,police officer
357,Antonietta,Bakerman,Antonietta.Bakerman@yopmail.com,Antonietta.Bakerman@gmail.com,doctor
358,Evita,Suk,Evita.Suk@yopmail.com,Evita.Suk@gmail.com,police officer
359,Gwenneth,Torray,Gwenneth.Torray@yopmail.com,Gwenneth.Torray@gmail.com,firefighter
360,Shaine,Gombach,Shaine.Gombach@yopmail.com,Shaine.Gombach@gmail.com,police officer
361,Jennica,Ciro,Jennica.Ciro@yopmail.com,Jennica.Ciro@gmail.com,firefighter
362,Mellicent,Cloris,Mellicent.Cloris@yopmail.com,Mellicent.Cloris@gmail.com,worker
363,Nadine,Natica,Nadine.Natica@yopmail.com,Nadine.Natica@gmail.com,police officer
364,Rochette,Bakerman,Rochette.Bakerman@yopmail.com,Rochette.Bakerman@gmail.com,worker
365,Violet,Suanne,Violet.Suanne@yopmail.com,Violet.Suanne@gmail.com,developer
366,Adore,Paine,Adore.Paine@yopmail.com,Adore.Paine@gmail.com,police officer
367,Leanna,Bigner,Leanna.Bigner@yopmail.com,Leanna.Bigner@gmail.com,police officer
368,Karly,Elbertina,Karly.Elbertina@yopmail.com,Karly.Elbertina@gmail.com,worker
369,Georgina,Pozzy,Georgina.Pozzy@yopmail.com,Georgina.Pozzy@gmail.com,worker
370,Ulrike,Toni,Ulrike.Toni@yopmail.com,Ulrike.Toni@gmail.com,worker
371,Katharina,Giule,Katharina.Giule@yopmail.com,Katharina.Giule@gmail.com,developer
372,Donetta,Arley,Donetta.Arley@yopmail.com,Donetta.Arley@gmail.com,developer
373,Dolli,Erskine,Dolli.Erskine@yopmail.com,Dolli.Erskine@gmail.com,worker
374,Janeczka,Thema,Janeczka.Thema@yopmail.com,Janeczka.Thema@gmail.com,police officer
375,Libbie,Newell,Libbie.Newell@yopmail.com,Libbie.Newell@gmail.com,worker
376,Patricia,Koziara,Patricia.Koziara@yopmail.com,Patricia.Koziara@gmail.com,police officer
377,Miquela,Brunell,Miquela.Brunell@yopmail.com,Miquela.Brunell@gmail.com,developer
378,Stevana,Riva,Stevana.Riva@yopmail.com,Stevana.Riva@gmail.com,developer
379,Elbertina,Corabella,Elbertina.Corabella@yopmail.com,Elbertina.Corabella@gmail.com,developer
380,Rivalee,Seagraves,Rivalee.Seagraves@yopmail.com,Rivalee.Seagraves@gmail.com,firefighter
381,Gretal,Chabot,Gretal.Chabot@yopmail.com,Gretal.Chabot@gmail.com,developer
382,Joleen,Couture,Joleen.Couture@yopmail.com,Joleen.Couture@gmail.com,developer
383,Jemie,Torray,Jemie.Torray@yopmail.com,Jemie.Torray@gmail.com,firefighter
384,Nariko,Friede,Nariko.Friede@yopmail.com,Nariko.Friede@gmail.com,doctor
385,Ursulina,Halla,Ursulina.Halla@yopmail.com,Ursulina.Halla@gmail.com,doctor
386,Marika,Cookie,Marika.Cookie@yopmail.com,Marika.Cookie@gmail.com,developer
387,Charlena,Burch,Charlena.Burch@yopmail.com,Charlena.Burch@gmail.com,doctor
388,Jessamyn,Cecile,Jessamyn.Cecile@yopmail.com,Jessamyn.Cecile@gmail.com,developer
389,Marsiella,Alcott,Marsiella.Alcott@yopmail.com,Marsiella.Alcott@gmail.com,police officer
390,Lulita,Wenoa,Lulita.Wenoa@yopmail.com,Lulita.Wenoa@gmail.com,firefighter
391,Binny,Gilbertson,Binny.Gilbertson@yopmail.com,Binny.Gilbertson@gmail.com,firefighter
392,Gwenneth,Azeria,Gwenneth.Azeria@yopmail.com,Gwenneth.Azeria@gmail.com,police officer
393,Zondra,Kendrick,Zondra.Kendrick@yopmail.com,Zondra.Kendrick@gmail.com,police officer
394,Emelina,Vins,Emelina.Vins@yopmail.com,Emelina.Vins@gmail.com,firefighter
395,Arlena,Honoria,Arlena.Honoria@yopmail.com,Arlena.Honoria@gmail.com,police officer
396,Lorne,Raseda,Lorne.Raseda@yopmail.com,Lorne.Raseda@gmail.com,doctor
397,Zondra,Christine,Zondra.Christine@yopmail.com,Zondra.Christine@gmail.com,doctor
398,Mary,Dalli,Mary.Dalli@yopmail.com,Mary.Dalli@gmail.com,police officer
399,Molli,Elvyn,Molli.Elvyn@yopmail.com,Molli.Elvyn@gmail.com,worker
400,Isa,Sikorski,Isa.Sikorski@yopmail.com,Isa.Sikorski@gmail.com,developer
401,Hallie,Lenny,Hallie.Lenny@yopmail.com,Hallie.Lenny@gmail.com,worker
402,Dennie,Zola,Dennie.Zola@yopmail.com,Dennie.Zola@gmail.com,doctor
403,Jean,Joachim,Jean.Joachim@yopmail.com,Jean.Joachim@gmail.com,firefighter
404,Taffy,Skurnik,Taffy.Skurnik@yopmail.com,Taffy.Skurnik@gmail.com,worker
405,Stevana,Gregrory,Stevana.Gregrory@yopmail.com,Stevana.Gregrory@gmail.com,worker
406,Deloria,Rona,Deloria.Rona@yopmail.com,Deloria.Rona@gmail.com,firefighter
407,Janenna,Johanna,Janenna.Johanna@yopmail.com,Janenna.Johanna@gmail.com,police officer
408,Kate,Iphlgenia,Kate.Iphlgenia@yopmail.com,Kate.Iphlgenia@gmail.com,police officer
409,Hollie,Kiersten,Hollie.Kiersten@yopmail.com,Hollie.Kiersten@gmail.com,doctor
410,Ermengarde,Weaks,Ermengarde.Weaks@yopmail.com,Ermengarde.Weaks@gmail.com,doctor
411,Allis,Masao,Allis.Masao@yopmail.com,Allis.Masao@gmail.com,worker
412,Gusella,Deegan,Gusella.Deegan@yopmail.com,Gusella.Deegan@gmail.com,worker
413,Ofilia,Kauppi,Ofilia.Kauppi@yopmail.com,Ofilia.Kauppi@gmail.com,developer
414,Cacilie,Zetta,Cacilie.Zetta@yopmail.com,Cacilie.Zetta@gmail.com,developer
415,Tobe,Barrus,Tobe.Barrus@yopmail.com,Tobe.Barrus@gmail.com,worker
416,Ann-Marie,Briney,Ann-Marie.Briney@yopmail.com,Ann-Marie.Briney@gmail.com,worker
417,Berta,Concha,Berta.Concha@yopmail.com,Berta.Concha@gmail.com,police officer
418,Cathyleen,Lory,Cathyleen.Lory@yopmail.com,Cathyleen.Lory@gmail.com,worker
419,Talya,Skurnik,Talya.Skurnik@yopmail.com,Talya.Skurnik@gmail.com,police officer
420,Pierette,Karylin,Pierette.Karylin@yopmail.com,Pierette.Karylin@gmail.com,police officer
421,Rosene,Dex,Rosene.Dex@yopmail.com,Rosene.Dex@gmail.com,developer
422,Margette,Ethban,Margette.Ethban@yopmail.com,Margette.Ethban@gmail.com,firefighter
423,Nyssa,Daveta,Nyssa.Daveta@yopmail.com,Nyssa.Daveta@gmail.com,police officer
424,Ulrike,Evvie,Ulrike.Evvie@yopmail.com,Ulrike.Evvie@gmail.com,developer
425,Bibby,Gamaliel,Bibby.Gamaliel@yopmail.com,Bibby.Gamaliel@gmail.com,developer
426,Ellette,Boehike,Ellette.Boehike@yopmail.com,Ellette.Boehike@gmail.com,police officer
427,Catrina,Millda,Catrina.Millda@yopmail.com,Catrina.Millda@gmail.com,worker
428,Leontine,Caitlin,Leontine.Caitlin@yopmail.com,Leontine.Caitlin@gmail.com,police officer
429,Cristabel,Friede,Cristabel.Friede@yopmail.com,Cristabel.Friede@gmail.com,police officer
430,Dianemarie,Skurnik,Dianemarie.Skurnik@yopmail.com,Dianemarie.Skurnik@gmail.com,doctor
431,Janeczka,Korey,Janeczka.Korey@yopmail.com,Janeczka.Korey@gmail.com,firefighter
432,Bobinette,Goddard,Bobinette.Goddard@yopmail.com,Bobinette.Goddard@gmail.com,developer
433,Jerry,Strephon,Jerry.Strephon@yopmail.com,Jerry.Strephon@gmail.com,developer
434,Andree,Raffo,Andree.Raffo@yopmail.com,Andree.Raffo@gmail.com,developer
435,Hope,Tyson,Hope.Tyson@yopmail.com,Hope.Tyson@gmail.com,developer
436,Marjie,Kermit,Marjie.Kermit@yopmail.com,Marjie.Kermit@gmail.com,police officer
437,Mildrid,Dyche,Mildrid.Dyche@yopmail.com,Mildrid.Dyche@gmail.com,developer
438,Janey,Nikaniki,Janey.Nikaniki@yopmail.com,Janey.Nikaniki@gmail.com,doctor
439,Ottilie,Bobbee,Ottilie.Bobbee@yopmail.com,Ottilie.Bobbee@gmail.com,firefighter
440,Dagmar,Drisko,Dagmar.Drisko@yopmail.com,Dagmar.Drisko@gmail.com,doctor
441,Shandie,Trace,Shandie.Trace@yopmail.com,Shandie.Trace@gmail.com,doctor
442,Jessamyn,Silvan,Jessamyn.Silvan@yopmail.com,Jessamyn.Silvan@gmail.com,developer
443,Carmencita,Slifka,Carmencita.Slifka@yopmail.com,Carmencita.Slifka@gmail.com,doctor
444,Lisette,Prouty,Lisette.Prouty@yopmail.com,Lisette.Prouty@gmail.com,worker
445,Olivette,Jotham,Olivette.Jotham@yopmail.com,Olivette.Jotham@gmail.com,police officer
446,Odessa,Liebermann,Odessa.Liebermann@yopmail.com,Odessa.Liebermann@gmail.com,firefighter
447,Ernesta,Kauppi,Ernesta.Kauppi@yopmail.com,Ernesta.Kauppi@gmail.com,worker
448,Zondra,Delacourt,Zondra.Delacourt@yopmail.com,Zondra.Delacourt@gmail.com,developer
449,Bettine,Sinegold,Bettine.Sinegold@yopmail.com,Bettine.Sinegold@gmail.com,developer
450,Kylynn,Erlandson,Kylynn.Erlandson@yopmail.com,Kylynn.Erlandson@gmail.com,developer
451,Asia,Thunell,Asia.Thunell@yopmail.com,Asia.Thunell@gmail.com,firefighter
452,Melanie,Rosalba,Melanie.Rosalba@yopmail.com,Melanie.Rosalba@gmail.com,worker
453,Barbara,Ramona,Barbara.Ramona@yopmail.com,Barbara.Ramona@gmail.com,police officer
454,Ebonee,Kenney,Ebonee.Kenney@yopmail.com,Ebonee.Kenney@gmail.com,developer
455,Shaine,Nicoline,Shaine.Nicoline@yopmail.com,Shaine.Nicoline@gmail.com,worker
456,Konstance,Margret,Konstance.Margret@yopmail.com,Konstance.Margret@gmail.com,police officer
457,Pierette,Blisse,Pierette.Blisse@yopmail.com,Pierette.Blisse@gmail.com,worker
458,Atlanta,Kathie,Atlanta.Kathie@yopmail.com,Atlanta.Kathie@gmail.com,police officer
459,Karina,Philoo,Karina.Philoo@yopmail.com,Karina.Philoo@gmail.com,doctor
460,Hollie,Killigrew,Hollie.Killigrew@yopmail.com,Hollie.Killigrew@gmail.com,doctor
461,Alejandra,Larochelle,Alejandra.Larochelle@yopmail.com,Alejandra.Larochelle@gmail.com,developer
462,Alyda,Idelia,Alyda.Idelia@yopmail.com,Alyda.Idelia@gmail.com,police officer
463,Dacia,Atcliffe,Dacia.Atcliffe@yopmail.com,Dacia.Atcliffe@gmail.com,worker
464,Joceline,Bobbee,Joceline.Bobbee@yopmail.com,Joceline.Bobbee@gmail.com,developer
465,Jacenta,Chapland,Jacenta.Chapland@yopmail.com,Jacenta.Chapland@gmail.com,doctor
466,Belinda,Cornelia,Belinda.Cornelia@yopmail.com,Belinda.Cornelia@gmail.com,police officer
467,Kaja,Llovera,Kaja.Llovera@yopmail.com,Kaja.Llovera@gmail.com,firefighter
468,Latisha,Jehu,Latisha.Jehu@yopmail.com,Latisha.Jehu@gmail.com,police officer
469,Tani,Kazimir,Tani.Kazimir@yopmail.com,Tani.Kazimir@gmail.com,police officer
470,Margalo,Ahab,Margalo.Ahab@yopmail.com,Margalo.Ahab@gmail.com,developer
471,Pearline,Smitt,Pearline.Smitt@yopmail.com,Pearline.Smitt@gmail.com,firefighter
472,Florie,McGrody,Florie.McGrody@yopmail.com,Florie.McGrody@gmail.com,doctor
473,Lulita,Laverne,Lulita.Laverne@yopmail.com,Lulita.Laverne@gmail.com,worker
474,Tarra,Nisbet,Tarra.Nisbet@yopmail.com,Tarra.Nisbet@gmail.com,police officer
475,Carly,Richers,Carly.Richers@yopmail.com,Carly.Richers@gmail.com,firefighter
476,Elka,Reidar,Elka.Reidar@yopmail.com,Elka.Reidar@gmail.com,worker
477,Olwen,Swanhildas,Olwen.Swanhildas@yopmail.com,Olwen.Swanhildas@gmail.com,developer
478,Jasmina,Madelene,Jasmina.Madelene@yopmail.com,Jasmina.Madelene@gmail.com,worker
479,Daryl,Hachmin,Daryl.Hachmin@yopmail.com,Daryl.Hachmin@gmail.com,firefighter
480,Amara,Wadell,Amara.Wadell@yopmail.com,Amara.Wadell@gmail.com,doctor
481,Joleen,Urias,Joleen.Urias@yopmail.com,Joleen.Urias@gmail.com,worker
482,Hyacinthe,Arquit,Hyacinthe.Arquit@yopmail.com,Hyacinthe.Arquit@gmail.com,worker
483,Demetris,Terencio,Demetris.Terencio@yopmail.com,Demetris.Terencio@gmail.com,doctor
484,Elsie,Merell,Elsie.Merell@yopmail.com,Elsie.Merell@gmail.com,worker
485,Agnese,Ailyn,Agnese.Ailyn@yopmail.com,Agnese.Ailyn@gmail.com,firefighter
486,Rivalee,Ophelia,Rivalee.Ophelia@yopmail.com,Rivalee.Ophelia@gmail.com,firefighter
487,Sandie,Danby,Sandie.Danby@yopmail.com,Sandie.Danby@gmail.com,firefighter
488,Viviene,Halsey,Viviene.Halsey@yopmail.com,Viviene.Halsey@gmail.com,doctor
489,Vevay,Gino,Vevay.Gino@yopmail.com,Vevay.Gino@gmail.com,doctor
490,Deane,Cottle,Deane.Cottle@yopmail.com,Deane.Cottle@gmail.com,doctor
491,Valera,Wallis,Valera.Wallis@yopmail.com,Valera.Wallis@gmail.com,police officer
492,Leeanne,Gabrielli,Leeanne.Gabrielli@yopmail.com,Leeanne.Gabrielli@gmail.com,worker
493,Doralynne,Leonard,Doralynne.Leonard@yopmail.com,Doralynne.Leonard@gmail.com,developer
494,Jinny,Mott,Jinny.Mott@yopmail.com,Jinny.Mott@gmail.com,doctor
495,Hermione,Lutero,Hermione.Lutero@yopmail.com,Hermione.Lutero@gmail.com,doctor
496,Marita,Monk,Marita.Monk@yopmail.com,Marita.Monk@gmail.com,firefighter
497,Anallese,Lubin,Anallese.Lubin@yopmail.com,Anallese.Lubin@gmail.com,doctor
498,Felice,Franza,Felice.Franza@yopmail.com,Felice.Franza@gmail.com,worker
499,Veda,Glovsky,Veda.Glovsky@yopmail.com,Veda.Glovsky@gmail.com,worker
500,Taffy,Ricarda,Taffy.Ricarda@yopmail.com,Taffy.Ricarda@gmail.com,worker
501,Moyna,Alva,Moyna.Alva@yopmail.com,Moyna.Alva@gmail.com,firefighter
502,Kirbee,McClimans,Kirbee.McClimans@yopmail.com,Kirbee.McClimans@gmail.com,firefighter
503,Dorene,Cottle,Dorene.Cottle@yopmail.com,Dorene.Cottle@gmail.com,firefighter
504,Moyna,Swanhildas,Moyna.Swanhildas@yopmail.com,Moyna.Swanhildas@gmail.com,police officer
505,Kore,Grimbly,Kore.Grimbly@yopmail.com,Kore.Grimbly@gmail.com,police officer
506,Clary,Emanuel,Clary.Emanuel@yopmail.com,Clary.Emanuel@gmail.com,firefighter
507,Desirae,Roxanna,Desirae.Roxanna@yopmail.com,Desirae.Roxanna@gmail.com,doctor
508,Gilligan,Remmer,Gilligan.Remmer@yopmail.com,Gilligan.Remmer@gmail.com,police officer
509,Bobinette,Munn,Bobinette.Munn@yopmail.com,Bobinette.Munn@gmail.com,worker
510,Leeanne,Pyle,Leeanne.Pyle@yopmail.com,Leeanne.Pyle@gmail.com,firefighter
511,Danika,Ajay,Danika.Ajay@yopmail.com,Danika.Ajay@gmail.com,firefighter
512,Molli,Lutero,Molli.Lutero@yopmail.com,Molli.Lutero@gmail.com,police officer
513,Josephine,Merell,Josephine.Merell@yopmail.com,Josephine.Merell@gmail.com,doctor
514,Carolina,Schalles,Carolina.Schalles@yopmail.com,Carolina.Schalles@gmail.com,worker
515,Harmonia,Sawtelle,Harmonia.Sawtelle@yopmail.com,Harmonia.Sawtelle@gmail.com,firefighter
516,Caritta,Mullane,Caritta.Mullane@yopmail.com,Caritta.Mullane@gmail.com,firefighter
517,Sherrie,Daniele,Sherrie.Daniele@yopmail.com,Sherrie.Daniele@gmail.com,developer
518,Mireielle,Lucienne,Mireielle.Lucienne@yopmail.com,Mireielle.Lucienne@gmail.com,firefighter
519,Susette,Pillsbury,Susette.Pillsbury@yopmail.com,Susette.Pillsbury@gmail.com,firefighter
520,Yolane,Gower,Yolane.Gower@yopmail.com,Yolane.Gower@gmail.com,firefighter
521,Kerrin,Artie,Kerrin.Artie@yopmail.com,Kerrin.Artie@gmail.com,doctor
522,Ekaterina,Wadell,Ekaterina.Wadell@yopmail.com,Ekaterina.Wadell@gmail.com,firefighter
523,Kate,Naashom,Kate.Naashom@yopmail.com,Kate.Naashom@gmail.com,developer
524,Tiffie,Henebry,Tiffie.Henebry@yopmail.com,Tiffie.Henebry@gmail.com,doctor
525,Fred,Waite,Fred.Waite@yopmail.com,Fred.Waite@gmail.com,police officer
526,Gusty,Geffner,Gusty.Geffner@yopmail.com,Gusty.Geffner@gmail.com,doctor
527,Neila,Belldas,Neila.Belldas@yopmail.com,Neila.Belldas@gmail.com,firefighter
528,Grier,Morgun,Grier.Morgun@yopmail.com,Grier.Morgun@gmail.com,developer
529,Molli,Oriana,Molli.Oriana@yopmail.com,Molli.Oriana@gmail.com,worker
530,Neila,Byrne,Neila.Byrne@yopmail.com,Neila.Byrne@gmail.com,developer
531,Christian,Tryck,Christian.Tryck@yopmail.com,Christian.Tryck@gmail.com,firefighter
532,Cyb,Zenas,Cyb.Zenas@yopmail.com,Cyb.Zenas@gmail.com,doctor
533,Beverley,Shanley,Beverley.Shanley@yopmail.com,Beverley.Shanley@gmail.com,firefighter
534,Carlie,Urias,Carlie.Urias@yopmail.com,Carlie.Urias@gmail.com,worker
535,Fayre,Hoban,Fayre.Hoban@yopmail.com,Fayre.Hoban@gmail.com,firefighter
536,Valli,Giff,Valli.Giff@yopmail.com,Valli.Giff@gmail.com,worker
537,Ottilie,Celestine,Ottilie.Celestine@yopmail.com,Ottilie.Celestine@gmail.com,developer
538,Ardys,Giff,Ardys.Giff@yopmail.com,Ardys.Giff@gmail.com,developer
539,Abbie,Marden,Abbie.Marden@yopmail.com,Abbie.Marden@gmail.com,doctor
540,Marnia,Henebry,Marnia.Henebry@yopmail.com,Marnia.Henebry@gmail.com,police officer
541,Allis,Thad,Allis.Thad@yopmail.com,Allis.Thad@gmail.com,doctor
542,Binny,Baptlsta,Binny.Baptlsta@yopmail.com,Binny.Baptlsta@gmail.com,worker
543,Orsola,Lutero,Orsola.Lutero@yopmail.com,Orsola.Lutero@gmail.com,developer
544,Felice,Raimondo,Felice.Raimondo@yopmail.com,Felice.Raimondo@gmail.com,doctor
545,Gwyneth,Sprage,Gwyneth.Sprage@yopmail.com,Gwyneth.Sprage@gmail.com,firefighter
546,Rosaline,Gibbeon,Rosaline.Gibbeon@yopmail.com,Rosaline.Gibbeon@gmail.com,firefighter
547,Fawne,Cyrie,Fawne.Cyrie@yopmail.com,Fawne.Cyrie@gmail.com,firefighter
548,Mady,Chick,Mady.Chick@yopmail.com,Mady.Chick@gmail.com,developer
549,Cordi,Ailyn,Cordi.Ailyn@yopmail.com,Cordi.Ailyn@gmail.com,firefighter
550,Nicoli,Land,Nicoli.Land@yopmail.com,Nicoli.Land@gmail.com,firefighter
551,Michaelina,Aaberg,Michaelina.Aaberg@yopmail.com,Michaelina.Aaberg@gmail.com,firefighter
552,Yolane,Maisey,Yolane.Maisey@yopmail.com,Yolane.Maisey@gmail.com,police officer
553,Karena,Hartnett,Karena.Hartnett@yopmail.com,Karena.Hartnett@gmail.com,worker
554,Aryn,Glenden,Aryn.Glenden@yopmail.com,Aryn.Glenden@gmail.com,firefighter
555,Blondelle,Felecia,Blondelle.Felecia@yopmail.com,Blondelle.Felecia@gmail.com,firefighter
556,Cassondra,Ludewig,Cassondra.Ludewig@yopmail.com,Cassondra.Ludewig@gmail.com,doctor
557,Kassey,Bobbee,Kassey.Bobbee@yopmail.com,Kassey.Bobbee@gmail.com,firefighter
558,Gusella,Dichy,Gusella.Dichy@yopmail.com,Gusella.Dichy@gmail.com,police officer
559,Arlena,Marijo,Arlena.Marijo@yopmail.com,Arlena.Marijo@gmail.com,worker
560,Vonny,Jeanne,Vonny.Jeanne@yopmail.com,Vonny.Jeanne@gmail.com,firefighter
561,Nonnah,Pauly,Nonnah.Pauly@yopmail.com,Nonnah.Pauly@gmail.com,police officer
562,Joleen,Hachmin,Joleen.Hachmin@yopmail.com,Joleen.Hachmin@gmail.com,worker
563,Livvyy,Konyn,Livvyy.Konyn@yopmail.com,Livvyy.Konyn@gmail.com,doctor
564,Dorice,Scammon,Dorice.Scammon@yopmail.com,Dorice.Scammon@gmail.com,doctor
565,Orsola,Bari,Orsola.Bari@yopmail.com,Orsola.Bari@gmail.com,doctor
566,Janey,Amadas,Janey.Amadas@yopmail.com,Janey.Amadas@gmail.com,firefighter
567,Corly,Bronk,Corly.Bronk@yopmail.com,Corly.Bronk@gmail.com,developer
568,Rivalee,MacIntosh,Rivalee.MacIntosh@yopmail.com,Rivalee.MacIntosh@gmail.com,developer
569,Aili,Sallyann,Aili.Sallyann@yopmail.com,Aili.Sallyann@gmail.com,police officer
570,Ellette,Glenden,Ellette.Glenden@yopmail.com,Ellette.Glenden@gmail.com,developer
571,Dorthy,Goode,Dorthy.Goode@yopmail.com,Dorthy.Goode@gmail.com,doctor
572,Amii,Aprile,Amii.Aprile@yopmail.com,Amii.Aprile@gmail.com,firefighter
573,Suzette,Rosalba,Suzette.Rosalba@yopmail.com,Suzette.Rosalba@gmail.com,doctor
574,Almeta,Secrest,Almeta.Secrest@yopmail.com,Almeta.Secrest@gmail.com,police officer
575,Aurelie,Schroth,Aurelie.Schroth@yopmail.com,Aurelie.Schroth@gmail.com,doctor
576,Wynne,Thilda,Wynne.Thilda@yopmail.com,Wynne.Thilda@gmail.com,police officer
577,Christian,Hilbert,Christian.Hilbert@yopmail.com,Christian.Hilbert@gmail.com,developer
578,Viki,Roumell,Viki.Roumell@yopmail.com,Viki.Roumell@gmail.com,police officer
579,Abbie,Rosemary,Abbie.Rosemary@yopmail.com,Abbie.Rosemary@gmail.com,worker
580,Viviene,Scammon,Viviene.Scammon@yopmail.com,Viviene.Scammon@gmail.com,police officer
581,Larine,Standing,Larine.Standing@yopmail.com,Larine.Standing@gmail.com,firefighter
582,Ninnetta,Christine,Ninnetta.Christine@yopmail.com,Ninnetta.Christine@gmail.com,worker
583,Sherrie,Sinegold,Sherrie.Sinegold@yopmail.com,Sherrie.Sinegold@gmail.com,police officer
584,Gavrielle,Hortensia,Gavrielle.Hortensia@yopmail.com,Gavrielle.Hortensia@gmail.com,doctor
585,Candi,Skurnik,Candi.Skurnik@yopmail.com,Candi.Skurnik@gmail.com,worker
586,Jolyn,Pacorro,Jolyn.Pacorro@yopmail.com,Jolyn.Pacorro@gmail.com,police officer
587,Raf,Ludewig,Raf.Ludewig@yopmail.com,Raf.Ludewig@gmail.com,police officer
588,Yolane,Brian,Yolane.Brian@yopmail.com,Yolane.Brian@gmail.com,worker
589,Farrah,Teddman,Farrah.Teddman@yopmail.com,Farrah.Teddman@gmail.com,developer
590,Harmonia,Robertson,Harmonia.Robertson@yopmail.com,Harmonia.Robertson@gmail.com,developer
591,Shaine,Cristi,Shaine.Cristi@yopmail.com,Shaine.Cristi@gmail.com,firefighter
592,Leona,Dimitris,Leona.Dimitris@yopmail.com,Leona.Dimitris@gmail.com,developer
593,Constance,Giule,Constance.Giule@yopmail.com,Constance.Giule@gmail.com,developer
594,Wilma,Bakerman,Wilma.Bakerman@yopmail.com,Wilma.Bakerman@gmail.com,worker
595,Damaris,Redmond,Damaris.Redmond@yopmail.com,Damaris.Redmond@gmail.com,worker
596,Suzette,Norrie,Suzette.Norrie@yopmail.com,Suzette.Norrie@gmail.com,developer
597,Aigneis,Vale,Aigneis.Vale@yopmail.com,Aigneis.Vale@gmail.com,firefighter
598,Teriann,Shirberg,Teriann.Shirberg@yopmail.com,Teriann.Shirberg@gmail.com,doctor
599,Gaylene,Noman,Gaylene.Noman@yopmail.com,Gaylene.Noman@gmail.com,firefighter
600,Carmencita,Auberbach,Carmencita.Auberbach@yopmail.com,Carmencita.Auberbach@gmail.com,doctor
601,Tamqrah,Middleton,Tamqrah.Middleton@yopmail.com,Tamqrah.Middleton@gmail.com,firefighter
602,Blinni,Lesley,Blinni.Lesley@yopmail.com,Blinni.Lesley@gmail.com,worker
603,Asia,Nea,Asia.Nea@yopmail.com,Asia.Nea@gmail.com,firefighter
604,Valli,Alva,Valli.Alva@yopmail.com,Valli.Alva@gmail.com,firefighter
605,Jillayne,Lipson,Jillayne.Lipson@yopmail.com,Jillayne.Lipson@gmail.com,worker
606,Jere,Olnee,Jere.Olnee@yopmail.com,Jere.Olnee@gmail.com,firefighter
607,Nollie,Trace,Nollie.Trace@yopmail.com,Nollie.Trace@gmail.com,police officer
608,Konstance,Doig,Konstance.Doig@yopmail.com,Konstance.Doig@gmail.com,police officer
609,Amara,Rona,Amara.Rona@yopmail.com,Amara.Rona@gmail.com,worker
610,Tierney,Elvyn,Tierney.Elvyn@yopmail.com,Tierney.Elvyn@gmail.com,firefighter
611,Rubie,Tayib,Rubie.Tayib@yopmail.com,Rubie.Tayib@gmail.com,police officer
612,Sheree,Douglass,Sheree.Douglass@yopmail.com,Sheree.Douglass@gmail.com,worker
613,Kathi,Thema,Kathi.Thema@yopmail.com,Kathi.Thema@gmail.com,worker
614,Deedee,Toni,Deedee.Toni@yopmail.com,Deedee.Toni@gmail.com,developer
615,Alisha,Revkah,Alisha.Revkah@yopmail.com,Alisha.Revkah@gmail.com,doctor
616,Ingrid,Alice,Ingrid.Alice@yopmail.com,Ingrid.Alice@gmail.com,doctor
617,Priscilla,Bandeen,Priscilla.Bandeen@yopmail.com,Priscilla.Bandeen@gmail.com,worker
618,Rochette,Tamar,Rochette.Tamar@yopmail.com,Rochette.Tamar@gmail.com,worker
619,Inga,Mallon,Inga.Mallon@yopmail.com,Inga.Mallon@gmail.com,police officer
620,Deedee,Alfons,Deedee.Alfons@yopmail.com,Deedee.Alfons@gmail.com,firefighter
621,Nikki,Weaks,Nikki.Weaks@yopmail.com,Nikki.Weaks@gmail.com,firefighter
622,Donnie,Socha,Donnie.Socha@yopmail.com,Donnie.Socha@gmail.com,worker
623,Wilma,Martguerita,Wilma.Martguerita@yopmail.com,Wilma.Martguerita@gmail.com,police officer
624,Chrystel,Yoko,Chrystel.Yoko@yopmail.com,Chrystel.Yoko@gmail.com,developer
625,Margarette,Whittaker,Margarette.Whittaker@yopmail.com,Margarette.Whittaker@gmail.com,developer
626,Marita,Joli,Marita.Joli@yopmail.com,Marita.Joli@gmail.com,developer
627,Latisha,Kevon,Latisha.Kevon@yopmail.com,Latisha.Kevon@gmail.com,police officer
628,Maryellen,Brotherson,Maryellen.Brotherson@yopmail.com,Maryellen.Brotherson@gmail.com,doctor
629,Andeee,Jalbert,Andeee.Jalbert@yopmail.com,Andeee.Jalbert@gmail.com,firefighter
630,Basia,Monaco,Basia.Monaco@yopmail.com,Basia.Monaco@gmail.com,developer
631,Merci,Pauly,Merci.Pauly@yopmail.com,Merci.Pauly@gmail.com,doctor
632,Karolina,Lutero,Karolina.Lutero@yopmail.com,Karolina.Lutero@gmail.com,worker
633,Elmira,Abernon,Elmira.Abernon@yopmail.com,Elmira.Abernon@gmail.com,police officer
634,Britni,Santoro,Britni.Santoro@yopmail.com,Britni.Santoro@gmail.com,developer
635,Cherilyn,Milson,Cherilyn.Milson@yopmail.com,Cherilyn.Milson@gmail.com,developer
636,Pearline,Ingra,Pearline.Ingra@yopmail.com,Pearline.Ingra@gmail.com,worker
637,Arlina,Dorine,Arlina.Dorine@yopmail.com,Arlina.Dorine@gmail.com,doctor
638,Meghann,Jorgan,Meghann.Jorgan@yopmail.com,Meghann.Jorgan@gmail.com,worker
639,Winifred,Garrison,Winifred.Garrison@yopmail.com,Winifred.Garrison@gmail.com,developer
640,Gwenneth,Maiah,Gwenneth.Maiah@yopmail.com,Gwenneth.Maiah@gmail.com,firefighter
641,Asia,Harned,Asia.Harned@yopmail.com,Asia.Harned@gmail.com,developer
642,Odessa,Azeria,Odessa.Azeria@yopmail.com,Odessa.Azeria@gmail.com,firefighter
643,Edyth,Arne,Edyth.Arne@yopmail.com,Edyth.Arne@gmail.com,police officer
644,Clary,Diogenes,Clary.Diogenes@yopmail.com,Clary.Diogenes@gmail.com,developer
645,Kore,Tice,Kore.Tice@yopmail.com,Kore.Tice@gmail.com,firefighter
646,Cherrita,Paine,Cherrita.Paine@yopmail.com,Cherrita.Paine@gmail.com,firefighter
647,Bertine,Yorick,Bertine.Yorick@yopmail.com,Bertine.Yorick@gmail.com,worker
648,Fanny,Pelagias,Fanny.Pelagias@yopmail.com,Fanny.Pelagias@gmail.com,firefighter
649,Marline,Graig,Marline.Graig@yopmail.com,Marline.Graig@gmail.com,firefighter
650,Jorry,Holtz,Jorry.Holtz@yopmail.com,Jorry.Holtz@gmail.com,doctor
651,Berta,Anderea,Berta.Anderea@yopmail.com,Berta.Anderea@gmail.com,developer
652,Cherrita,Brenn,Cherrita.Brenn@yopmail.com,Cherrita.Brenn@gmail.com,developer
653,Cam,Quinn,Cam.Quinn@yopmail.com,Cam.Quinn@gmail.com,worker
654,Tiffie,Margarete,Tiffie.Margarete@yopmail.com,Tiffie.Margarete@gmail.com,firefighter
655,Jordan,Madaih,Jordan.Madaih@yopmail.com,Jordan.Madaih@gmail.com,firefighter
656,Rochette,Wattenberg,Rochette.Wattenberg@yopmail.com,Rochette.Wattenberg@gmail.com,doctor
657,Melanie,Jacinda,Melanie.Jacinda@yopmail.com,Melanie.Jacinda@gmail.com,developer
658,Cyndie,Milson,Cyndie.Milson@yopmail.com,Cyndie.Milson@gmail.com,police officer
659,Moyna,Erich,Moyna.Erich@yopmail.com,Moyna.Erich@gmail.com,doctor
660,Alejandra,Norvol,Alejandra.Norvol@yopmail.com,Alejandra.Norvol@gmail.com,doctor
661,Flo,Bartlett,Flo.Bartlett@yopmail.com,Flo.Bartlett@gmail.com,police officer
662,Jillayne,Socha,Jillayne.Socha@yopmail.com,Jillayne.Socha@gmail.com,firefighter
663,Albertina,Dyche,Albertina.Dyche@yopmail.com,Albertina.Dyche@gmail.com,police officer
664,Gianina,Mike,Gianina.Mike@yopmail.com,Gianina.Mike@gmail.com,developer
665,Lilith,Love,Lilith.Love@yopmail.com,Lilith.Love@gmail.com,developer
666,Tarra,Lymann,Tarra.Lymann@yopmail.com,Tarra.Lymann@gmail.com,police officer
667,Danny,Sallyann,Danny.Sallyann@yopmail.com,Danny.Sallyann@gmail.com,firefighter
668,Kamilah,Marsden,Kamilah.Marsden@yopmail.com,Kamilah.Marsden@gmail.com,doctor
669,Phedra,Audly,Phedra.Audly@yopmail.com,Phedra.Audly@gmail.com,worker
670,Oona,Linehan,Oona.Linehan@yopmail.com,Oona.Linehan@gmail.com,worker
671,Leona,Joachim,Leona.Joachim@yopmail.com,Leona.Joachim@gmail.com,firefighter
672,Norine,Alcott,Norine.Alcott@yopmail.com,Norine.Alcott@gmail.com,firefighter
673,Sarette,Pascia,Sarette.Pascia@yopmail.com,Sarette.Pascia@gmail.com,firefighter
674,Livvyy,Faso,Livvyy.Faso@yopmail.com,Livvyy.Faso@gmail.com,firefighter
675,Melodie,Glovsky,Melodie.Glovsky@yopmail.com,Melodie.Glovsky@gmail.com,doctor
676,Nonnah,Pauly,Nonnah.Pauly@yopmail.com,Nonnah.Pauly@gmail.com,doctor
677,Kirstin,Arne,Kirstin.Arne@yopmail.com,Kirstin.Arne@gmail.com,doctor
678,Genevra,Rhu,Genevra.Rhu@yopmail.com,Genevra.Rhu@gmail.com,developer
679,Fanny,Wooster,Fanny.Wooster@yopmail.com,Fanny.Wooster@gmail.com,police officer
680,Shel,Buckler,Shel.Buckler@yopmail.com,Shel.Buckler@gmail.com,police officer
681,Modestia,Olin,Modestia.Olin@yopmail.com,Modestia.Olin@gmail.com,developer
682,Micheline,Egbert,Micheline.Egbert@yopmail.com,Micheline.Egbert@gmail.com,doctor
683,Leia,Turne,Leia.Turne@yopmail.com,Leia.Turne@gmail.com,worker
684,Minne,Curren,Minne.Curren@yopmail.com,Minne.Curren@gmail.com,worker
685,Dawn,Paton,Dawn.Paton@yopmail.com,Dawn.Paton@gmail.com,police officer
686,Wanda,Diann,Wanda.Diann@yopmail.com,Wanda.Diann@gmail.com,firefighter
687,Delilah,Genna,Delilah.Genna@yopmail.com,Delilah.Genna@gmail.com,firefighter
688,Sue,Ardra,Sue.Ardra@yopmail.com,Sue.Ardra@gmail.com,firefighter
689,Asia,Hull,Asia.Hull@yopmail.com,Asia.Hull@gmail.com,worker
690,Keelia,Colleen,Keelia.Colleen@yopmail.com,Keelia.Colleen@gmail.com,worker
691,Agathe,Vary,Agathe.Vary@yopmail.com,Agathe.Vary@gmail.com,police officer
692,Nyssa,Flyn,Nyssa.Flyn@yopmail.com,Nyssa.Flyn@gmail.com,developer
693,Hayley,Jerold,Hayley.Jerold@yopmail.com,Hayley.Jerold@gmail.com,developer
694,Annecorinne,Zola,Annecorinne.Zola@yopmail.com,Annecorinne.Zola@gmail.com,worker
695,Joelly,Paton,Joelly.Paton@yopmail.com,Joelly.Paton@gmail.com,police officer
696,Caressa,Cavan,Caressa.Cavan@yopmail.com,Caressa.Cavan@gmail.com,firefighter
697,Pamella,Shanley,Pamella.Shanley@yopmail.com,Pamella.Shanley@gmail.com,police officer
698,Selia,Ingra,Selia.Ingra@yopmail.com,Selia.Ingra@gmail.com,doctor
699,Mathilda,Timon,Mathilda.Timon@yopmail.com,Mathilda.Timon@gmail.com,doctor
700,Millie,Eugenia,Millie.Eugenia@yopmail.com,Millie.Eugenia@gmail.com,doctor
701,Vivia,Caitlin,Vivia.Caitlin@yopmail.com,Vivia.Caitlin@gmail.com,worker
702,Layla,Huggins,Layla.Huggins@yopmail.com,Layla.Huggins@gmail.com,worker
703,Norine,Kunin,Norine.Kunin@yopmail.com,Norine.Kunin@gmail.com,developer
704,Frances,Ortrude,Frances.Ortrude@yopmail.com,Frances.Ortrude@gmail.com,firefighter
705,Laure,Lenny,Laure.Lenny@yopmail.com,Laure.Lenny@gmail.com,developer
706,Marjie,Jaylene,Marjie.Jaylene@yopmail.com,Marjie.Jaylene@gmail.com,doctor
707,Cristabel,Rad,Cristabel.Rad@yopmail.com,Cristabel.Rad@gmail.com,developer
708,Zsa Zsa,Odell,Zsa Zsa.Odell@yopmail.com,Zsa Zsa.Odell@gmail.com,developer
709,Ottilie,Charity,Ottilie.Charity@yopmail.com,Ottilie.Charity@gmail.com,worker
710,Jenda,Burkle,Jenda.Burkle@yopmail.com,Jenda.Burkle@gmail.com,police officer
711,Emmey,Niles,Emmey.Niles@yopmail.com,Emmey.Niles@gmail.com,developer
712,Karly,Halsey,Karly.Halsey@yopmail.com,Karly.Halsey@gmail.com,police officer
713,Rozele,Merat,Rozele.Merat@yopmail.com,Rozele.Merat@gmail.com,worker
714,Tobe,Palocz,Tobe.Palocz@yopmail.com,Tobe.Palocz@gmail.com,firefighter
715,Amii,Pacorro,Amii.Pacorro@yopmail.com,Amii.Pacorro@gmail.com,worker
716,Natka,Odell,Natka.Odell@yopmail.com,Natka.Odell@gmail.com,firefighter
717,Nicoli,Esmaria,Nicoli.Esmaria@yopmail.com,Nicoli.Esmaria@gmail.com,police officer
718,Maud,Laurianne,Maud.Laurianne@yopmail.com,Maud.Laurianne@gmail.com,firefighter
719,Annice,Albertine,Annice.Albertine@yopmail.com,Annice.Albertine@gmail.com,developer
720,Ethel,Nance,Ethel.Nance@yopmail.com,Ethel.Nance@gmail.com,worker
721,Myrtice,Ellerey,Myrtice.Ellerey@yopmail.com,Myrtice.Ellerey@gmail.com,police officer
722,Kamilah,Herrera,Kamilah.Herrera@yopmail.com,Kamilah.Herrera@gmail.com,worker
723,Roslyn,Frodi,Roslyn.Frodi@yopmail.com,Roslyn.Frodi@gmail.com,firefighter
724,Inga,McCutcheon,Inga.McCutcheon@yopmail.com,Inga.McCutcheon@gmail.com,firefighter
725,Ira,Myrilla,Ira.Myrilla@yopmail.com,Ira.Myrilla@gmail.com,developer
726,Marti,Wittie,Marti.Wittie@yopmail.com,Marti.Wittie@gmail.com,police officer
727,Maye,Burnside,Maye.Burnside@yopmail.com,Maye.Burnside@gmail.com,doctor
728,Helsa,Cavan,Helsa.Cavan@yopmail.com,Helsa.Cavan@gmail.com,worker
729,Alejandra,Brackely,Alejandra.Brackely@yopmail.com,Alejandra.Brackely@gmail.com,doctor
730,Caritta,Gombach,Caritta.Gombach@yopmail.com,Caritta.Gombach@gmail.com,police officer
731,Agnese,Tybald,Agnese.Tybald@yopmail.com,Agnese.Tybald@gmail.com,doctor
732,Cissiee,Earlie,Cissiee.Earlie@yopmail.com,Cissiee.Earlie@gmail.com,firefighter
733,Frances,Euridice,Frances.Euridice@yopmail.com,Frances.Euridice@gmail.com,developer
734,Danika,Maiah,Danika.Maiah@yopmail.com,Danika.Maiah@gmail.com,police officer
735,Brianna,Merell,Brianna.Merell@yopmail.com,Brianna.Merell@gmail.com,firefighter
736,Emma,Regan,Emma.Regan@yopmail.com,Emma.Regan@gmail.com,worker
737,Dorice,Friede,Dorice.Friede@yopmail.com,Dorice.Friede@gmail.com,developer
738,Janenna,Maxi,Janenna.Maxi@yopmail.com,Janenna.Maxi@gmail.com,worker
739,Lesly,Greenwald,Lesly.Greenwald@yopmail.com,Lesly.Greenwald@gmail.com,worker
740,Celisse,Erlandson,Celisse.Erlandson@yopmail.com,Celisse.Erlandson@gmail.com,developer
741,Berta,Egbert,Berta.Egbert@yopmail.com,Berta.Egbert@gmail.com,police officer
742,Frances,Nunci,Frances.Nunci@yopmail.com,Frances.Nunci@gmail.com,police officer
743,Darlleen,Claudine,Darlleen.Claudine@yopmail.com,Darlleen.Claudine@gmail.com,developer
744,Myriam,Rheingold,Myriam.Rheingold@yopmail.com,Myriam.Rheingold@gmail.com,doctor
745,Suzette,Tengdin,Suzette.Tengdin@yopmail.com,Suzette.Tengdin@gmail.com,firefighter
746,Christy,Guildroy,Christy.Guildroy@yopmail.com,Christy.Guildroy@gmail.com,worker
747,Merry,Pascia,Merry.Pascia@yopmail.com,Merry.Pascia@gmail.com,doctor
748,Willetta,Pascia,Willetta.Pascia@yopmail.com,Willetta.Pascia@gmail.com,doctor
749,Carree,Papageno,Carree.Papageno@yopmail.com,Carree.Papageno@gmail.com,doctor
750,Dorthy,Daniele,Dorthy.Daniele@yopmail.com,Dorthy.Daniele@gmail.com,worker
751,Annora,Bari,Annora.Bari@yopmail.com,Annora.Bari@gmail.com,doctor
752,Felice,Ietta,Felice.Ietta@yopmail.com,Felice.Ietta@gmail.com,police officer
753,Konstance,Germann,Konstance.Germann@yopmail.com,Konstance.Germann@gmail.com,worker
754,Cristine,Cressida,Cristine.Cressida@yopmail.com,Cristine.Cressida@gmail.com,police officer
755,Olivette,Thilda,Olivette.Thilda@yopmail.com,Olivette.Thilda@gmail.com,police officer
756,Bill,Reinke,Bill.Reinke@yopmail.com,Bill.Reinke@gmail.com,police officer
757,Glenda,Lorain,Glenda.Lorain@yopmail.com,Glenda.Lorain@gmail.com,police officer
758,Siana,Center,Siana.Center@yopmail.com,Siana.Center@gmail.com,firefighter
759,Joceline,Ehrman,Joceline.Ehrman@yopmail.com,Joceline.Ehrman@gmail.com,police officer
760,Karina,Daegal,Karina.Daegal@yopmail.com,Karina.Daegal@gmail.com,developer
761,Katuscha,Orpah,Katuscha.Orpah@yopmail.com,Katuscha.Orpah@gmail.com,firefighter
762,Dyann,Concha,Dyann.Concha@yopmail.com,Dyann.Concha@gmail.com,developer
763,Valeda,Ogren,Valeda.Ogren@yopmail.com,Valeda.Ogren@gmail.com,developer
764,Aurore,Jefferey,Aurore.Jefferey@yopmail.com,Aurore.Jefferey@gmail.com,worker
765,Heida,Noman,Heida.Noman@yopmail.com,Heida.Noman@gmail.com,police officer
766,Ursulina,Henrie,Ursulina.Henrie@yopmail.com,Ursulina.Henrie@gmail.com,developer
767,Tarra,Trey,Tarra.Trey@yopmail.com,Tarra.Trey@gmail.com,worker
768,Tierney,Hamil,Tierney.Hamil@yopmail.com,Tierney.Hamil@gmail.com,doctor
769,Drucie,Noman,Drucie.Noman@yopmail.com,Drucie.Noman@gmail.com,firefighter
770,Henriette,Lenny,Henriette.Lenny@yopmail.com,Henriette.Lenny@gmail.com,firefighter
771,Joleen,Henebry,Joleen.Henebry@yopmail.com,Joleen.Henebry@gmail.com,worker
772,Ricky,Tannie,Ricky.Tannie@yopmail.com,Ricky.Tannie@gmail.com,developer
773,Loree,Toor,Loree.Toor@yopmail.com,Loree.Toor@gmail.com,developer
774,Sashenka,Karl,Sashenka.Karl@yopmail.com,Sashenka.Karl@gmail.com,worker
775,Kary,Nance,Kary.Nance@yopmail.com,Kary.Nance@gmail.com,worker
776,Dolli,Haymes,Dolli.Haymes@yopmail.com,Dolli.Haymes@gmail.com,doctor
777,Ashlee,Eiser,Ashlee.Eiser@yopmail.com,Ashlee.Eiser@gmail.com,doctor
778,Florie,Erlandson,Florie.Erlandson@yopmail.com,Florie.Erlandson@gmail.com,firefighter
779,Corly,Brady,Corly.Brady@yopmail.com,Corly.Brady@gmail.com,firefighter
780,Stacey,Trinetta,Stacey.Trinetta@yopmail.com,Stacey.Trinetta@gmail.com,police officer
781,Sindee,Nisbet,Sindee.Nisbet@yopmail.com,Sindee.Nisbet@gmail.com,doctor
782,Alleen,Sothena,Alleen.Sothena@yopmail.com,Alleen.Sothena@gmail.com,worker
783,Shell,Zrike,Shell.Zrike@yopmail.com,Shell.Zrike@gmail.com,worker
784,Vonny,Reidar,Vonny.Reidar@yopmail.com,Vonny.Reidar@gmail.com,police officer
785,Bee,Henrie,Bee.Henrie@yopmail.com,Bee.Henrie@gmail.com,firefighter
786,Sidoney,Wenda,Sidoney.Wenda@yopmail.com,Sidoney.Wenda@gmail.com,firefighter
787,Yvonne,Chinua,Yvonne.Chinua@yopmail.com,Yvonne.Chinua@gmail.com,doctor
788,Andeee,Urias,Andeee.Urias@yopmail.com,Andeee.Urias@gmail.com,developer
789,Ethel,Tristram,Ethel.Tristram@yopmail.com,Ethel.Tristram@gmail.com,doctor
790,Cassondra,Roche,Cassondra.Roche@yopmail.com,Cassondra.Roche@gmail.com,police officer
791,Edith,Iiette,Edith.Iiette@yopmail.com,Edith.Iiette@gmail.com,firefighter
792,Corry,Horan,Corry.Horan@yopmail.com,Corry.Horan@gmail.com,developer
793,Tabbatha,Terrence,Tabbatha.Terrence@yopmail.com,Tabbatha.Terrence@gmail.com,doctor
794,Bee,Ilka,Bee.Ilka@yopmail.com,Bee.Ilka@gmail.com,police officer
795,Korrie,Cohdwell,Korrie.Cohdwell@yopmail.com,Korrie.Cohdwell@gmail.com,doctor
796,Mamie,Guildroy,Mamie.Guildroy@yopmail.com,Mamie.Guildroy@gmail.com,developer
797,Daune,Lowry,Daune.Lowry@yopmail.com,Daune.Lowry@gmail.com,doctor
798,Sharai,Byrne,Sharai.Byrne@yopmail.com,Sharai.Byrne@gmail.com,doctor
799,Monika,Thar,Monika.Thar@yopmail.com,Monika.Thar@gmail.com,worker
800,Kenna,Read,Kenna.Read@yopmail.com,Kenna.Read@gmail.com,firefighter
801,Glynnis,Kylander,Glynnis.Kylander@yopmail.com,Glynnis.Kylander@gmail.com,worker
802,Charlena,Peonir,Charlena.Peonir@yopmail.com,Charlena.Peonir@gmail.com,developer
803,Diena,Scammon,Diena.Scammon@yopmail.com,Diena.Scammon@gmail.com,developer
804,Damaris,Breed,Damaris.Breed@yopmail.com,Damaris.Breed@gmail.com,firefighter
805,Fanchon,Donell,Fanchon.Donell@yopmail.com,Fanchon.Donell@gmail.com,developer
806,Belinda,Verger,Belinda.Verger@yopmail.com,Belinda.Verger@gmail.com,developer
807,Valera,Ricarda,Valera.Ricarda@yopmail.com,Valera.Ricarda@gmail.com,developer
808,Ermengarde,Ivens,Ermengarde.Ivens@yopmail.com,Ermengarde.Ivens@gmail.com,developer
809,Fanchon,Dichy,Fanchon.Dichy@yopmail.com,Fanchon.Dichy@gmail.com,developer
810,Desirae,Michella,Desirae.Michella@yopmail.com,Desirae.Michella@gmail.com,worker
811,Lonnie,Afton,Lonnie.Afton@yopmail.com,Lonnie.Afton@gmail.com,doctor
812,Codie,Naashom,Codie.Naashom@yopmail.com,Codie.Naashom@gmail.com,doctor
813,Cristabel,Linehan,Cristabel.Linehan@yopmail.com,Cristabel.Linehan@gmail.com,firefighter
814,Gianina,Cimbura,Gianina.Cimbura@yopmail.com,Gianina.Cimbura@gmail.com,developer
815,Lesly,Ledah,Lesly.Ledah@yopmail.com,Lesly.Ledah@gmail.com,firefighter
816,Nariko,Maryanne,Nariko.Maryanne@yopmail.com,Nariko.Maryanne@gmail.com,developer
817,Teddie,Christine,Teddie.Christine@yopmail.com,Teddie.Christine@gmail.com,doctor
818,Cyb,Wesle,Cyb.Wesle@yopmail.com,Cyb.Wesle@gmail.com,doctor
819,Dari,Jacobah,Dari.Jacobah@yopmail.com,Dari.Jacobah@gmail.com,worker
820,Edee,Fosque,Edee.Fosque@yopmail.com,Edee.Fosque@gmail.com,firefighter
821,Penelopa,Emmaline,Penelopa.Emmaline@yopmail.com,Penelopa.Emmaline@gmail.com,doctor
822,Juliane,Wilona,Juliane.Wilona@yopmail.com,Juliane.Wilona@gmail.com,firefighter
823,Brandise,Devlen,Brandise.Devlen@yopmail.com,Brandise.Devlen@gmail.com,police officer
824,Emmey,Sothena,Emmey.Sothena@yopmail.com,Emmey.Sothena@gmail.com,doctor
825,Cissiee,Hylan,Cissiee.Hylan@yopmail.com,Cissiee.Hylan@gmail.com,developer
826,Drucie,Xerxes,Drucie.Xerxes@yopmail.com,Drucie.Xerxes@gmail.com,worker
827,Mamie,Arquit,Mamie.Arquit@yopmail.com,Mamie.Arquit@gmail.com,doctor
828,Corene,Brian,Corene.Brian@yopmail.com,Corene.Brian@gmail.com,doctor
829,Angela,Nerita,Angela.Nerita@yopmail.com,Angela.Nerita@gmail.com,doctor
830,Tybie,Merat,Tybie.Merat@yopmail.com,Tybie.Merat@gmail.com,police officer
831,Andeee,Shanley,Andeee.Shanley@yopmail.com,Andeee.Shanley@gmail.com,firefighter
832,Sophia,Delp,Sophia.Delp@yopmail.com,Sophia.Delp@gmail.com,developer
833,Zondra,Michella,Zondra.Michella@yopmail.com,Zondra.Michella@gmail.com,doctor
834,Candy,Crudden,Candy.Crudden@yopmail.com,Candy.Crudden@gmail.com,worker
835,Stevana,Aprile,Stevana.Aprile@yopmail.com,Stevana.Aprile@gmail.com,police officer
836,Gretal,Loring,Gretal.Loring@yopmail.com,Gretal.Loring@gmail.com,developer
837,Sashenka,Dawkins,Sashenka.Dawkins@yopmail.com,Sashenka.Dawkins@gmail.com,worker
838,Carree,Friede,Carree.Friede@yopmail.com,Carree.Friede@gmail.com,worker
839,Marita,Hathaway,Marita.Hathaway@yopmail.com,Marita.Hathaway@gmail.com,worker
840,Pierette,Hoban,Pierette.Hoban@yopmail.com,Pierette.Hoban@gmail.com,developer
841,Emelina,Maxi,Emelina.Maxi@yopmail.com,Emelina.Maxi@gmail.com,developer
842,Harmonia,Ball,Harmonia.Ball@yopmail.com,Harmonia.Ball@gmail.com,police officer
843,Kary,Cynar,Kary.Cynar@yopmail.com,Kary.Cynar@gmail.com,developer
844,Britte,Cynar,Britte.Cynar@yopmail.com,Britte.Cynar@gmail.com,doctor
845,Micheline,Astra,Micheline.Astra@yopmail.com,Micheline.Astra@gmail.com,worker
846,Taffy,Chabot,Taffy.Chabot@yopmail.com,Taffy.Chabot@gmail.com,doctor
847,Letizia,Lory,Letizia.Lory@yopmail.com,Letizia.Lory@gmail.com,doctor
848,Sidoney,Levey,Sidoney.Levey@yopmail.com,Sidoney.Levey@gmail.com,doctor
849,Jessamyn,Merriott,Jessamyn.Merriott@yopmail.com,Jessamyn.Merriott@gmail.com,firefighter
850,Cissiee,Pond,Cissiee.Pond@yopmail.com,Cissiee.Pond@gmail.com,doctor
851,Nelle,Vastah,Nelle.Vastah@yopmail.com,Nelle.Vastah@gmail.com,doctor
852,Nelle,Myrilla,Nelle.Myrilla@yopmail.com,Nelle.Myrilla@gmail.com,developer
853,Ariela,Parsaye,Ariela.Parsaye@yopmail.com,Ariela.Parsaye@gmail.com,developer
854,Marleah,Jethro,Marleah.Jethro@yopmail.com,Marleah.Jethro@gmail.com,firefighter
855,Angelique,Freddi,Angelique.Freddi@yopmail.com,Angelique.Freddi@gmail.com,police officer
856,Philis,Brittani,Philis.Brittani@yopmail.com,Philis.Brittani@gmail.com,firefighter
857,Karlee,Hailee,Karlee.Hailee@yopmail.com,Karlee.Hailee@gmail.com,developer
858,Katuscha,Thar,Katuscha.Thar@yopmail.com,Katuscha.Thar@gmail.com,police officer
859,Sandie,Thunell,Sandie.Thunell@yopmail.com,Sandie.Thunell@gmail.com,police officer
860,Melodie,Chobot,Melodie.Chobot@yopmail.com,Melodie.Chobot@gmail.com,police officer
861,Lucy,Redmond,Lucy.Redmond@yopmail.com,Lucy.Redmond@gmail.com,police officer
862,Cacilie,Dituri,Cacilie.Dituri@yopmail.com,Cacilie.Dituri@gmail.com,firefighter
863,Sallie,Roche,Sallie.Roche@yopmail.com,Sallie.Roche@gmail.com,worker
864,Carolina,Kirbee,Carolina.Kirbee@yopmail.com,Carolina.Kirbee@gmail.com,firefighter
865,Marinna,Croix,Marinna.Croix@yopmail.com,Marinna.Croix@gmail.com,developer
866,Raina,Sandye,Raina.Sandye@yopmail.com,Raina.Sandye@gmail.com,firefighter
867,Justinn,Mendez,Justinn.Mendez@yopmail.com,Justinn.Mendez@gmail.com,doctor
868,Basia,Berne,Basia.Berne@yopmail.com,Basia.Berne@gmail.com,worker
869,Hallie,Monaco,Hallie.Monaco@yopmail.com,Hallie.Monaco@gmail.com,firefighter
870,Clo,Gilmour,Clo.Gilmour@yopmail.com,Clo.Gilmour@gmail.com,police officer
871,Flory,Kiersten,Flory.Kiersten@yopmail.com,Flory.Kiersten@gmail.com,worker
872,Corina,Hylan,Corina.Hylan@yopmail.com,Corina.Hylan@gmail.com,worker
873,Cordi,Stephie,Cordi.Stephie@yopmail.com,Cordi.Stephie@gmail.com,worker
874,Hildegaard,Merat,Hildegaard.Merat@yopmail.com,Hildegaard.Merat@gmail.com,police officer
875,Gabi,Zachary,Gabi.Zachary@yopmail.com,Gabi.Zachary@gmail.com,doctor
876,Ekaterina,Aaberg,Ekaterina.Aaberg@yopmail.com,Ekaterina.Aaberg@gmail.com,firefighter
877,Agnese,Loleta,Agnese.Loleta@yopmail.com,Agnese.Loleta@gmail.com,firefighter
878,Trudie,Dunkin,Trudie.Dunkin@yopmail.com,Trudie.Dunkin@gmail.com,worker
879,Doralynne,Hollingsworth,Doralynne.Hollingsworth@yopmail.com,Doralynne.Hollingsworth@gmail.com,doctor
880,Ursulina,Paine,Ursulina.Paine@yopmail.com,Ursulina.Paine@gmail.com,doctor
881,Shaylyn,Tacye,Shaylyn.Tacye@yopmail.com,Shaylyn.Tacye@gmail.com,doctor
882,Abbie,Raul,Abbie.Raul@yopmail.com,Abbie.Raul@gmail.com,police officer
883,Cassandra,Mauer,Cassandra.Mauer@yopmail.com,Cassandra.Mauer@gmail.com,firefighter
884,Averyl,Kenwood,Averyl.Kenwood@yopmail.com,Averyl.Kenwood@gmail.com,developer
885,Ernesta,Hebner,Ernesta.Hebner@yopmail.com,Ernesta.Hebner@gmail.com,worker
886,Bill,Shirberg,Bill.Shirberg@yopmail.com,Bill.Shirberg@gmail.com,worker
887,Sybille,Sparhawk,Sybille.Sparhawk@yopmail.com,Sybille.Sparhawk@gmail.com,developer
888,Ermengarde,Percy,Ermengarde.Percy@yopmail.com,Ermengarde.Percy@gmail.com,doctor
889,Claresta,Sikorski,Claresta.Sikorski@yopmail.com,Claresta.Sikorski@gmail.com,police officer
890,Hannis,Ax,Hannis.Ax@yopmail.com,Hannis.Ax@gmail.com,worker
891,Luci,Elvyn,Luci.Elvyn@yopmail.com,Luci.Elvyn@gmail.com,developer
892,Nataline,Stover,Nataline.Stover@yopmail.com,Nataline.Stover@gmail.com,developer
893,Tersina,Donell,Tersina.Donell@yopmail.com,Tersina.Donell@gmail.com,worker
894,Willetta,Giule,Willetta.Giule@yopmail.com,Willetta.Giule@gmail.com,worker
895,Gratia,Cottle,Gratia.Cottle@yopmail.com,Gratia.Cottle@gmail.com,developer
896,Paule,Faust,Paule.Faust@yopmail.com,Paule.Faust@gmail.com,police officer
897,Atlanta,Tryck,Atlanta.Tryck@yopmail.com,Atlanta.Tryck@gmail.com,worker
898,Sashenka,Kylander,Sashenka.Kylander@yopmail.com,Sashenka.Kylander@gmail.com,police officer
899,Asia,Jacobah,Asia.Jacobah@yopmail.com,Asia.Jacobah@gmail.com,doctor
900,Carree,Kannry,Carree.Kannry@yopmail.com,Carree.Kannry@gmail.com,worker
901,Damaris,Leler,Damaris.Leler@yopmail.com,Damaris.Leler@gmail.com,doctor
902,Heida,Loring,Heida.Loring@yopmail.com,Heida.Loring@gmail.com,worker
903,Jaclyn,Kathie,Jaclyn.Kathie@yopmail.com,Jaclyn.Kathie@gmail.com,firefighter
904,Jemie,Judye,Jemie.Judye@yopmail.com,Jemie.Judye@gmail.com,doctor
905,Lily,Callista,Lily.Callista@yopmail.com,Lily.Callista@gmail.com,firefighter
906,Ofilia,Bandeen,Ofilia.Bandeen@yopmail.com,Ofilia.Bandeen@gmail.com,firefighter
907,Noelle,Bertold,Noelle.Bertold@yopmail.com,Noelle.Bertold@gmail.com,police officer
908,Ileana,Burkle,Ileana.Burkle@yopmail.com,Ileana.Burkle@gmail.com,developer
909,Jackie,Center,Jackie.Center@yopmail.com,Jackie.Center@gmail.com,worker
910,Zondra,Colyer,Zondra.Colyer@yopmail.com,Zondra.Colyer@gmail.com,doctor
911,Madelle,Elbertina,Madelle.Elbertina@yopmail.com,Madelle.Elbertina@gmail.com,firefighter
912,Averyl,Lay,Averyl.Lay@yopmail.com,Averyl.Lay@gmail.com,police officer
913,Perry,Hull,Perry.Hull@yopmail.com,Perry.Hull@gmail.com,developer
914,Natka,Lissi,Natka.Lissi@yopmail.com,Natka.Lissi@gmail.com,doctor
915,Steffane,Kellby,Steffane.Kellby@yopmail.com,Steffane.Kellby@gmail.com,doctor
916,Pamella,Raul,Pamella.Raul@yopmail.com,Pamella.Raul@gmail.com,firefighter
917,Therine,Harday,Therine.Harday@yopmail.com,Therine.Harday@gmail.com,firefighter
918,Perry,Morehouse,Perry.Morehouse@yopmail.com,Perry.Morehouse@gmail.com,firefighter
919,Shaylyn,Pearse,Shaylyn.Pearse@yopmail.com,Shaylyn.Pearse@gmail.com,doctor
920,Evaleen,Kendrick,Evaleen.Kendrick@yopmail.com,Evaleen.Kendrick@gmail.com,doctor
921,Jaclyn,Gaspard,Jaclyn.Gaspard@yopmail.com,Jaclyn.Gaspard@gmail.com,firefighter
922,Aubrie,Raul,Aubrie.Raul@yopmail.com,Aubrie.Raul@gmail.com,police officer
923,Kayla,Septima,Kayla.Septima@yopmail.com,Kayla.Septima@gmail.com,worker
924,Mara,Ruvolo,Mara.Ruvolo@yopmail.com,Mara.Ruvolo@gmail.com,doctor
925,Lulita,Old,Lulita.Old@yopmail.com,Lulita.Old@gmail.com,police officer
926,Edee,Lipson,Edee.Lipson@yopmail.com,Edee.Lipson@gmail.com,firefighter
927,Myrtice,Poll,Myrtice.Poll@yopmail.com,Myrtice.Poll@gmail.com,developer
928,Aeriela,Ilka,Aeriela.Ilka@yopmail.com,Aeriela.Ilka@gmail.com,police officer
929,Frieda,Darbie,Frieda.Darbie@yopmail.com,Frieda.Darbie@gmail.com,doctor
930,Donnie,Phi,Donnie.Phi@yopmail.com,Donnie.Phi@gmail.com,developer
931,Addia,Bibi,Addia.Bibi@yopmail.com,Addia.Bibi@gmail.com,worker
932,Kathi,Armanda,Kathi.Armanda@yopmail.com,Kathi.Armanda@gmail.com,worker
933,Fidelia,Hepsibah,Fidelia.Hepsibah@yopmail.com,Fidelia.Hepsibah@gmail.com,doctor
934,Rosaline,Chick,Rosaline.Chick@yopmail.com,Rosaline.Chick@gmail.com,doctor
935,Gianina,Adlare,Gianina.Adlare@yopmail.com,Gianina.Adlare@gmail.com,firefighter
936,Meriel,Arquit,Meriel.Arquit@yopmail.com,Meriel.Arquit@gmail.com,police officer
937,Ardys,Kimmie,Ardys.Kimmie@yopmail.com,Ardys.Kimmie@gmail.com,worker
938,Yvonne,Edmund,Yvonne.Edmund@yopmail.com,Yvonne.Edmund@gmail.com,worker
939,Ardeen,Parsaye,Ardeen.Parsaye@yopmail.com,Ardeen.Parsaye@gmail.com,police officer
940,Ardenia,Bronk,Ardenia.Bronk@yopmail.com,Ardenia.Bronk@gmail.com,police officer
941,Basia,Center,Basia.Center@yopmail.com,Basia.Center@gmail.com,doctor
942,Ronna,Dimitris,Ronna.Dimitris@yopmail.com,Ronna.Dimitris@gmail.com,doctor
943,Judy,Decato,Judy.Decato@yopmail.com,Judy.Decato@gmail.com,firefighter
944,Jolyn,Iiette,Jolyn.Iiette@yopmail.com,Jolyn.Iiette@gmail.com,police officer
945,Lorne,Stacy,Lorne.Stacy@yopmail.com,Lorne.Stacy@gmail.com,doctor
946,Fanny,My,Fanny.My@yopmail.com,Fanny.My@gmail.com,developer
947,Kaja,Soneson,Kaja.Soneson@yopmail.com,Kaja.Soneson@gmail.com,developer
948,Christy,Diogenes,Christy.Diogenes@yopmail.com,Christy.Diogenes@gmail.com,doctor
949,Ira,Gladstone,Ira.Gladstone@yopmail.com,Ira.Gladstone@gmail.com,worker
950,Dominga,Leopold,Dominga.Leopold@yopmail.com,Dominga.Leopold@gmail.com,developer
951,Lexine,Bibi,Lexine.Bibi@yopmail.com,Lexine.Bibi@gmail.com,developer
952,Reeba,Dermott,Reeba.Dermott@yopmail.com,Reeba.Dermott@gmail.com,firefighter
953,Amara,Marijo,Amara.Marijo@yopmail.com,Amara.Marijo@gmail.com,worker
954,Christal,Beebe,Christal.Beebe@yopmail.com,Christal.Beebe@gmail.com,police officer
955,Priscilla,Cecile,Priscilla.Cecile@yopmail.com,Priscilla.Cecile@gmail.com,worker
956,Alex,Maiah,Alex.Maiah@yopmail.com,Alex.Maiah@gmail.com,worker
957,Teriann,Maisey,Teriann.Maisey@yopmail.com,Teriann.Maisey@gmail.com,developer
958,Selma,Edmund,Selma.Edmund@yopmail.com,Selma.Edmund@gmail.com,worker
959,Linzy,Merat,Linzy.Merat@yopmail.com,Linzy.Merat@gmail.com,firefighter
960,Ayn,Hewitt,Ayn.Hewitt@yopmail.com,Ayn.Hewitt@gmail.com,police officer
961,Dede,Greenwald,Dede.Greenwald@yopmail.com,Dede.Greenwald@gmail.com,developer
962,Elbertina,Chabot,Elbertina.Chabot@yopmail.com,Elbertina.Chabot@gmail.com,doctor
963,Ericka,Brodench,Ericka.Brodench@yopmail.com,Ericka.Brodench@gmail.com,police officer
964,Elyssa,Artie,Elyssa.Artie@yopmail.com,Elyssa.Artie@gmail.com,doctor
965,Cathyleen,Lewes,Cathyleen.Lewes@yopmail.com,Cathyleen.Lewes@gmail.com,developer
966,Kate,Kress,Kate.Kress@yopmail.com,Kate.Kress@gmail.com,firefighter
967,Sheree,Anton,Sheree.Anton@yopmail.com,Sheree.Anton@gmail.com,doctor
968,Helsa,Tacye,Helsa.Tacye@yopmail.com,Helsa.Tacye@gmail.com,police officer
969,Karolina,Behre,Karolina.Behre@yopmail.com,Karolina.Behre@gmail.com,doctor
970,Cathyleen,Ax,Cathyleen.Ax@yopmail.com,Cathyleen.Ax@gmail.com,firefighter
971,Moyna,Marlie,Moyna.Marlie@yopmail.com,Moyna.Marlie@gmail.com,firefighter
972,Tonia,Maryanne,Tonia.Maryanne@yopmail.com,Tonia.Maryanne@gmail.com,worker
973,Valli,Fitzsimmons,Valli.Fitzsimmons@yopmail.com,Valli.Fitzsimmons@gmail.com,doctor
974,Sean,Marijo,Sean.Marijo@yopmail.com,Sean.Marijo@gmail.com,police officer
975,Annecorinne,Cookie,Annecorinne.Cookie@yopmail.com,Annecorinne.Cookie@gmail.com,firefighter
976,Ronna,Sigfrid,Ronna.Sigfrid@yopmail.com,Ronna.Sigfrid@gmail.com,firefighter
977,Janenna,Brackely,Janenna.Brackely@yopmail.com,Janenna.Brackely@gmail.com,worker
978,Maridel,Romelda,Maridel.Romelda@yopmail.com,Maridel.Romelda@gmail.com,police officer
979,Maryellen,Thornburg,Maryellen.Thornburg@yopmail.com,Maryellen.Thornburg@gmail.com,firefighter
980,Cam,Dunkin,Cam.Dunkin@yopmail.com,Cam.Dunkin@gmail.com,firefighter
981,Gertrud,Teddman,Gertrud.Teddman@yopmail.com,Gertrud.Teddman@gmail.com,firefighter
982,Madeleine,Mathilde,Madeleine.Mathilde@yopmail.com,Madeleine.Mathilde@gmail.com,worker
983,Romona,Tarrant,Romona.Tarrant@yopmail.com,Romona.Tarrant@gmail.com,doctor
984,Micheline,Si,Micheline.Si@yopmail.com,Micheline.Si@gmail.com,developer
985,Merrie,Elsinore,Merrie.Elsinore@yopmail.com,Merrie.Elsinore@gmail.com,firefighter
986,Ursulina,Bahr,Ursulina.Bahr@yopmail.com,Ursulina.Bahr@gmail.com,police officer
987,Margette,Wenoa,Margette.Wenoa@yopmail.com,Margette.Wenoa@gmail.com,worker
988,Allis,Podvin,Allis.Podvin@yopmail.com,Allis.Podvin@gmail.com,worker
989,Caryl,Karylin,Caryl.Karylin@yopmail.com,Caryl.Karylin@gmail.com,police officer
990,Raina,Brodench,Raina.Brodench@yopmail.com,Raina.Brodench@gmail.com,developer
991,Lindie,Berl,Lindie.Berl@yopmail.com,Lindie.Berl@gmail.com,doctor
992,Binny,Sekofski,Binny.Sekofski@yopmail.com,Binny.Sekofski@gmail.com,police officer
993,Winny,Ingra,Winny.Ingra@yopmail.com,Winny.Ingra@gmail.com,police officer
994,Marti,Hull,Marti.Hull@yopmail.com,Marti.Hull@gmail.com,developer
995,Kenna,Holtz,Kenna.Holtz@yopmail.com,Kenna.Holtz@gmail.com,police officer
996,Elie,Heisel,Elie.Heisel@yopmail.com,Elie.Heisel@gmail.com,developer
997,Lanae,Alisia,Lanae.Alisia@yopmail.com,Lanae.Alisia@gmail.com,firefighter
998,Tabbatha,Vernier,Tabbatha.Vernier@yopmail.com,Tabbatha.Vernier@gmail.com,developer
999,Gretal,Henebry,Gretal.Henebry@yopmail.com,Gretal.Henebry@gmail.com,worker
1000,Renie,Armanda,Renie.Armanda@yopmail.com,Renie.Armanda@gmail.com,doctor
1001,Arlina,Diogenes,Arlina.Diogenes@yopmail.com,Arlina.Diogenes@gmail.com,firefighter
1002,Almeta,Fadiman,Almeta.Fadiman@yopmail.com,Almeta.Fadiman@gmail.com,police officer
1003,Margarette,Braun,Margarette.Braun@yopmail.com,Margarette.Braun@gmail.com,worker
1004,Albertina,Moseley,Albertina.Moseley@yopmail.com,Albertina.Moseley@gmail.com,worker
1005,Celisse,Merat,Celisse.Merat@yopmail.com,Celisse.Merat@gmail.com,doctor
1006,Sonni,Diogenes,Sonni.Diogenes@yopmail.com,Sonni.Diogenes@gmail.com,worker
1007,Betta,Bivins,Betta.Bivins@yopmail.com,Betta.Bivins@gmail.com,doctor
1008,Robinia,Goth,Robinia.Goth@yopmail.com,Robinia.Goth@gmail.com,police officer
1009,Dorthy,Wandie,Dorthy.Wandie@yopmail.com,Dorthy.Wandie@gmail.com,developer
1010,Claudina,Ackerley,Claudina.Ackerley@yopmail.com,Claudina.Ackerley@gmail.com,police officer
1011,Suzette,Briney,Suzette.Briney@yopmail.com,Suzette.Briney@gmail.com,developer
1012,Nataline,Cath,Nataline.Cath@yopmail.com,Nataline.Cath@gmail.com,worker
1013,Marita,Olnee,Marita.Olnee@yopmail.com,Marita.Olnee@gmail.com,firefighter
1014,Lynnea,Bebe,Lynnea.Bebe@yopmail.com,Lynnea.Bebe@gmail.com,developer
1015,Florie,Janene,Florie.Janene@yopmail.com,Florie.Janene@gmail.com,worker
1016,Nerta,Adlare,Nerta.Adlare@yopmail.com,Nerta.Adlare@gmail.com,worker
1017,Sean,Garlinda,Sean.Garlinda@yopmail.com,Sean.Garlinda@gmail.com,developer
1018,Selma,Munn,Selma.Munn@yopmail.com,Selma.Munn@gmail.com,firefighter
1019,Joceline,Ilka,Joceline.Ilka@yopmail.com,Joceline.Ilka@gmail.com,doctor
1020,Emma,Zuzana,Emma.Zuzana@yopmail.com,Emma.Zuzana@gmail.com,firefighter
1021,Nelle,Faust,Nelle.Faust@yopmail.com,Nelle.Faust@gmail.com,developer
1022,Flo,Gino,Flo.Gino@yopmail.com,Flo.Gino@gmail.com,police officer
1023,Eugine,Kinnard,Eugine.Kinnard@yopmail.com,Eugine.Kinnard@gmail.com,police officer
1024,Inga,Faso,Inga.Faso@yopmail.com,Inga.Faso@gmail.com,worker
1025,Darci,Stuart,Darci.Stuart@yopmail.com,Darci.Stuart@gmail.com,firefighter
1026,Stephanie,Cullin,Stephanie.Cullin@yopmail.com,Stephanie.Cullin@gmail.com,doctor
1027,Nikki,Dominy,Nikki.Dominy@yopmail.com,Nikki.Dominy@gmail.com,developer
1028,Zondra,Paton,Zondra.Paton@yopmail.com,Zondra.Paton@gmail.com,firefighter
1029,Gusella,Pacorro,Gusella.Pacorro@yopmail.com,Gusella.Pacorro@gmail.com,police officer
1030,Silvana,Lea,Silvana.Lea@yopmail.com,Silvana.Lea@gmail.com,doctor
1031,Ronna,Valoniah,Ronna.Valoniah@yopmail.com,Ronna.Valoniah@gmail.com,worker
1032,Dione,Weitman,Dione.Weitman@yopmail.com,Dione.Weitman@gmail.com,doctor
1033,Georgetta,Mallon,Georgetta.Mallon@yopmail.com,Georgetta.Mallon@gmail.com,worker
1034,Ermengarde,Han,Ermengarde.Han@yopmail.com,Ermengarde.Han@gmail.com,doctor
1035,Kary,Erlandson,Kary.Erlandson@yopmail.com,Kary.Erlandson@gmail.com,police officer
1036,Suzette,Valoniah,Suzette.Valoniah@yopmail.com,Suzette.Valoniah@gmail.com,firefighter
1037,Kathi,Virgin,Kathi.Virgin@yopmail.com,Kathi.Virgin@gmail.com,firefighter
1038,Kittie,Darbie,Kittie.Darbie@yopmail.com,Kittie.Darbie@gmail.com,worker
1039,Jorry,Fillbert,Jorry.Fillbert@yopmail.com,Jorry.Fillbert@gmail.com,doctor
1040,Cristine,Elvyn,Cristine.Elvyn@yopmail.com,Cristine.Elvyn@gmail.com,doctor
1041,Jolyn,Chesna,Jolyn.Chesna@yopmail.com,Jolyn.Chesna@gmail.com,firefighter
1042,Tarra,LaRue,Tarra.LaRue@yopmail.com,Tarra.LaRue@gmail.com,police officer
1043,Janeczka,Bultman,Janeczka.Bultman@yopmail.com,Janeczka.Bultman@gmail.com,doctor
1044,Juliane,Hazlett,Juliane.Hazlett@yopmail.com,Juliane.Hazlett@gmail.com,firefighter
1045,Larine,Paton,Larine.Paton@yopmail.com,Larine.Paton@gmail.com,firefighter
1046,Lynea,Daveta,Lynea.Daveta@yopmail.com,Lynea.Daveta@gmail.com,worker
1047,Doro,Hanshaw,Doro.Hanshaw@yopmail.com,Doro.Hanshaw@gmail.com,police officer
1048,Kimmy,Lowry,Kimmy.Lowry@yopmail.com,Kimmy.Lowry@gmail.com,developer
1049,Deloria,Oriana,Deloria.Oriana@yopmail.com,Deloria.Oriana@gmail.com,firefighter
1050,Kimberley,Secrest,Kimberley.Secrest@yopmail.com,Kimberley.Secrest@gmail.com,worker
1051,Anallese,Fabiola,Anallese.Fabiola@yopmail.com,Anallese.Fabiola@gmail.com,firefighter
1052,Consuela,Saunderson,Consuela.Saunderson@yopmail.com,Consuela.Saunderson@gmail.com,developer
1053,Allis,Cordi,Allis.Cordi@yopmail.com,Allis.Cordi@gmail.com,police officer
1054,Kelly,Lumbard,Kelly.Lumbard@yopmail.com,Kelly.Lumbard@gmail.com,doctor
1055,Eve,Craggie,Eve.Craggie@yopmail.com,Eve.Craggie@gmail.com,worker
1056,Jorry,Paton,Jorry.Paton@yopmail.com,Jorry.Paton@gmail.com,doctor
1057,Krystle,Bebe,Krystle.Bebe@yopmail.com,Krystle.Bebe@gmail.com,developer
1058,Alyda,Jacqui,Alyda.Jacqui@yopmail.com,Alyda.Jacqui@gmail.com,police officer
1059,Cristine,Zuzana,Cristine.Zuzana@yopmail.com,Cristine.Zuzana@gmail.com,doctor
1060,Ingrid,Gillan,Ingrid.Gillan@yopmail.com,Ingrid.Gillan@gmail.com,doctor
1061,Dari,Bendick,Dari.Bendick@yopmail.com,Dari.Bendick@gmail.com,firefighter
1062,Kore,Donoghue,Kore.Donoghue@yopmail.com,Kore.Donoghue@gmail.com,police officer
1063,Korrie,Leffen,Korrie.Leffen@yopmail.com,Korrie.Leffen@gmail.com,worker
1064,Shaylyn,Merat,Shaylyn.Merat@yopmail.com,Shaylyn.Merat@gmail.com,worker
1065,Cherilyn,Stoller,Cherilyn.Stoller@yopmail.com,Cherilyn.Stoller@gmail.com,worker
1066,Mellicent,Friede,Mellicent.Friede@yopmail.com,Mellicent.Friede@gmail.com,doctor
1067,Giustina,Ovid,Giustina.Ovid@yopmail.com,Giustina.Ovid@gmail.com,worker
1068,Hildegaard,Rad,Hildegaard.Rad@yopmail.com,Hildegaard.Rad@gmail.com,firefighter
1069,Phedra,Skell,Phedra.Skell@yopmail.com,Phedra.Skell@gmail.com,worker
1070,Joleen,Chrystel,Joleen.Chrystel@yopmail.com,Joleen.Chrystel@gmail.com,firefighter
1071,Kathy,Granoff,Kathy.Granoff@yopmail.com,Kathy.Granoff@gmail.com,doctor
1072,Adelle,Rosette,Adelle.Rosette@yopmail.com,Adelle.Rosette@gmail.com,worker
1073,Chickie,Lilas,Chickie.Lilas@yopmail.com,Chickie.Lilas@gmail.com,police officer
1074,Flo,Brodench,Flo.Brodench@yopmail.com,Flo.Brodench@gmail.com,worker
1075,Lanna,Behre,Lanna.Behre@yopmail.com,Lanna.Behre@gmail.com,developer
1076,Joeann,Fabiola,Joeann.Fabiola@yopmail.com,Joeann.Fabiola@gmail.com,developer
1077,Christian,Haldas,Christian.Haldas@yopmail.com,Christian.Haldas@gmail.com,police officer
1078,Dennie,Stav,Dennie.Stav@yopmail.com,Dennie.Stav@gmail.com,doctor
1079,Gilda,Ogren,Gilda.Ogren@yopmail.com,Gilda.Ogren@gmail.com,developer
1080,Kirbee,Abram,Kirbee.Abram@yopmail.com,Kirbee.Abram@gmail.com,doctor
1081,Jany,My,Jany.My@yopmail.com,Jany.My@gmail.com,worker
1082,Lesly,Euridice,Lesly.Euridice@yopmail.com,Lesly.Euridice@gmail.com,police officer
1083,Lorenza,Maroney,Lorenza.Maroney@yopmail.com,Lorenza.Maroney@gmail.com,police officer
1084,Raquela,Japeth,Raquela.Japeth@yopmail.com,Raquela.Japeth@gmail.com,firefighter
1085,Melodie,Solitta,Melodie.Solitta@yopmail.com,Melodie.Solitta@gmail.com,developer
1086,Allyce,Fink,Allyce.Fink@yopmail.com,Allyce.Fink@gmail.com,doctor
1087,Wileen,Schlosser,Wileen.Schlosser@yopmail.com,Wileen.Schlosser@gmail.com,worker
1088,Tami,Candy,Tami.Candy@yopmail.com,Tami.Candy@gmail.com,police officer
1089,Netty,Sholley,Netty.Sholley@yopmail.com,Netty.Sholley@gmail.com,worker
1090,Ursulina,Marcellus,Ursulina.Marcellus@yopmail.com,Ursulina.Marcellus@gmail.com,doctor
1091,Betta,Baylor,Betta.Baylor@yopmail.com,Betta.Baylor@gmail.com,firefighter
1092,Glynnis,Bertold,Glynnis.Bertold@yopmail.com,Glynnis.Bertold@gmail.com,police officer
1093,Jan,Weitman,Jan.Weitman@yopmail.com,Jan.Weitman@gmail.com,developer
1094,Doralynne,Harday,Doralynne.Harday@yopmail.com,Doralynne.Harday@gmail.com,police officer
1095,Bill,Amand,Bill.Amand@yopmail.com,Bill.Amand@gmail.com,police officer
1096,Elka,Clie,Elka.Clie@yopmail.com,Elka.Clie@gmail.com,police officer
1097,Sibella,Colbert,Sibella.Colbert@yopmail.com,Sibella.Colbert@gmail.com,firefighter
1098,Priscilla,Gino,Priscilla.Gino@yopmail.com,Priscilla.Gino@gmail.com,worker
1099,Katuscha,Pascia,Katuscha.Pascia@yopmail.com,Katuscha.Pascia@gmail.com,developer
