id,firstname,lastname,email,email2,profession
100,Gilda,Cressida,Gilda.Cressida@yopmail.com,Gilda.Cressida@gmail.com,developer
101,Helsa,Haymes,Helsa.Haymes@yopmail.com,Helsa.Haymes@gmail.com,developer
102,Wendi,Talia,Wendi.Talia@yopmail.com,Wendi.Talia@gmail.com,developer
103,Corry,Moina,Corry.Moina@yopmail.com,Corry.Moina@gmail.com,police officer
104,Dorice,Sikorski,Dorice.Sikorski@yopmail.com,Dorice.Sikorski@gmail.com,doctor
105,Dari,Cottle,Dari.Cottle@yopmail.com,Dari.Cottle@gmail.com,worker
106,Starla,Center,Starla.Center@yopmail.com,Starla.Center@gmail.com,police officer
107,Yolane,Seumas,Yolane.Seumas@yopmail.com,Yolane.Seumas@gmail.com,police officer
108,Katharina,Khorma,Katharina.Khorma@yopmail.com,Katharina.Khorma@gmail.com,doctor
109,Vonny,Flyn,Vonny.Flyn@yopmail.com,Vonny.Flyn@gmail.com,firefighter
110,Sarette,Janith,Sarette.Janith@yopmail.com,Sarette.Janith@gmail.com,worker
111,Estell,Doig,Estell.Doig@yopmail.com,Estell.Doig@gmail.com,developer
112,Stephanie,Fitzsimmons,Stephanie.Fitzsimmons@yopmail.com,Stephanie.Fitzsimmons@gmail.com,police officer
113,Jenda,Auberbach,Jenda.Auberbach@yopmail.com,Jenda.Auberbach@gmail.com,police officer
114,Tamqrah,Byrne,Tamqrah.Byrne@yopmail.com,Tamqrah.Byrne@gmail.com,police officer
115,Teriann,Dorine,Teriann.Dorine@yopmail.com,Teriann.Dorine@gmail.com,police officer
116,Tarra,Halsey,Tarra.Halsey@yopmail.com,Tarra.Halsey@gmail.com,police officer
117,Juliane,Bahr,Juliane.Bahr@yopmail.com,Juliane.Bahr@gmail.com,developer
118,Fanchon,Sasnett,Fanchon.Sasnett@yopmail.com,Fanchon.Sasnett@gmail.com,doctor
119,Perry,Vilma,Perry.Vilma@yopmail.com,Perry.Vilma@gmail.com,developer
120,Janeczka,Anyah,Janeczka.Anyah@yopmail.com,Janeczka.Anyah@gmail.com,police officer
121,Robinia,Granoff,Robinia.Granoff@yopmail.com,Robinia.Granoff@gmail.com,worker
122,Melanie,Bettine,Melanie.Bettine@yopmail.com,Melanie.Bettine@gmail.com,worker
123,Eolanda,Anton,Eolanda.Anton@yopmail.com,Eolanda.Anton@gmail.com,doctor
124,Lexine,Klotz,Lexine.Klotz@yopmail.com,Lexine.Klotz@gmail.com,worker
125,Daphne,Lunsford,Daphne.Lunsford@yopmail.com,Daphne.Lunsford@gmail.com,developer
126,Jobi,Socha,Jobi.Socha@yopmail.com,Jobi.Socha@gmail.com,developer
127,Marcy,Shirberg,Marcy.Shirberg@yopmail.com,Marcy.Shirberg@gmail.com,police officer
128,Bernie,Guildroy,Bernie.Guildroy@yopmail.com,Bernie.Guildroy@gmail.com,developer
129,Celene,Bennie,Celene.Bennie@yopmail.com,Celene.Bennie@gmail.com,developer
130,Deirdre,Marsden,Deirdre.Marsden@yopmail.com,Deirdre.Marsden@gmail.com,police officer
131,Jere,Creamer,Jere.Creamer@yopmail.com,Jere.Creamer@gmail.com,doctor
132,Raf,Ovid,Raf.Ovid@yopmail.com,Raf.Ovid@gmail.com,developer
133,Anica,Edison,Anica.Edison@yopmail.com,Anica.Edison@gmail.com,worker
134,Paola,Rogerio,Paola.Rogerio@yopmail.com,Paola.Rogerio@gmail.com,doctor
135,Fredericka,Cloris,Fredericka.Cloris@yopmail.com,Fredericka.Cloris@gmail.com,firefighter
136,Leontine,Libna,Leontine.Libna@yopmail.com,Leontine.Libna@gmail.com,firefighter
137,Deedee,Kussell,Deedee.Kussell@yopmail.com,Deedee.Kussell@gmail.com,developer
138,Mallory,Zeeba,Mallory.Zeeba@yopmail.com,Mallory.Zeeba@gmail.com,doctor
139,Paule,Arne,Paule.Arne@yopmail.com,Paule.Arne@gmail.com,developer
140,Susan,Sigfrid,Susan.Sigfrid@yopmail.com,Susan.Sigfrid@gmail.com,doctor
141,Wanda,Nore,Wanda.Nore@yopmail.com,Wanda.Nore@gmail.com,firefighter
142,Marcelline,Zaslow,Marcelline.Zaslow@yopmail.com,Marcelline.Zaslow@gmail.com,developer
143,Gilligan,Ferino,Gilligan.Ferino@yopmail.com,Gilligan.Ferino@gmail.com,police officer
144,Kimberley,Dahlia,Kimberley.Dahlia@yopmail.com,Kimberley.Dahlia@gmail.com,doctor
145,Sibella,Liebermann,Sibella.Liebermann@yopmail.com,Sibella.Liebermann@gmail.com,worker
146,Ellette,Stanwood,Ellette.Stanwood@yopmail.com,Ellette.Stanwood@gmail.com,worker
147,Myrtice,Longfellow,Myrtice.Longfellow@yopmail.com,Myrtice.Longfellow@gmail.com,firefighter
148,Betta,Uund,Betta.Uund@yopmail.com,Betta.Uund@gmail.com,doctor
149,Vere,Jehu,Vere.Jehu@yopmail.com,Vere.Jehu@gmail.com,police officer
150,Valera,Anis,Valera.Anis@yopmail.com,Valera.Anis@gmail.com,worker
151,Nikki,Faust,Nikki.Faust@yopmail.com,Nikki.Faust@gmail.com,worker
152,Riannon,Hedve,Riannon.Hedve@yopmail.com,Riannon.Hedve@gmail.com,developer
153,Ashlee,Keily,Ashlee.Keily@yopmail.com,Ashlee.Keily@gmail.com,worker
154,Madeleine,Corabella,Madeleine.Corabella@yopmail.com,Madeleine.Corabella@gmail.com,doctor
155,Alexine,Joni,Alexine.Joni@yopmail.com,Alexine.Joni@gmail.com,worker
156,Dacia,Cornelia,Dacia.Cornelia@yopmail.com,Dacia.Cornelia@gmail.com,worker
157,Anestassia,Fulmer,Anestassia.Fulmer@yopmail.com,Anestassia.Fulmer@gmail.com,police officer
158,Fayre,Dunkin,Fayre.Dunkin@yopmail.com,Fayre.Dunkin@gmail.com,doctor
159,Courtnay,Seagraves,Courtnay.Seagraves@yopmail.com,Courtnay.Seagraves@gmail.com,worker
160,Carmencita,Carmena,Carmencita.Carmena@yopmail.com,Carmencita.Carmena@gmail.com,developer
161,Lynde,Couture,Lynde.Couture@yopmail.com,Lynde.Couture@gmail.com,police officer
162,Estell,Seessel,Estell.Seessel@yopmail.com,Estell.Seessel@gmail.com,developer
163,Nataline,Chobot,Nataline.Chobot@yopmail.com,Nataline.Chobot@gmail.com,firefighter
164,Adelle,Llovera,Adelle.Llovera@yopmail.com,Adelle.Llovera@gmail.com,doctor
165,Veda,O'Neill,Veda.O'Neill@yopmail.com,Veda.O'Neill@gmail.com,firefighter
166,Yetty,Catie,Yetty.Catie@yopmail.com,Yetty.Catie@gmail.com,firefighter
167,Brooks,Rubie,Brooks.Rubie@yopmail.com,Brooks.Rubie@gmail.com,developer
168,Adriana,Suzetta,Adriana.Suzetta@yopmail.com,Adriana.Suzetta@gmail.com,worker
169,Claudina,Raseda,Claudina.Raseda@yopmail.com,Claudina.Raseda@gmail.com,worker
170,Mara,Danby,Mara.Danby@yopmail.com,Mara.Danby@gmail.com,worker
171,Marinna,Luhe,Marinna.Luhe@yopmail.com,Marinna.Luhe@gmail.com,developer
172,Jacquetta,Lunsford,Jacquetta.Lunsford@yopmail.com,Jacquetta.Lunsford@gmail.com,developer
173,Harmonia,Leary,Harmonia.Leary@yopmail.com,Harmonia.Leary@gmail.com,police officer
174,Danny,Shelba,Danny.Shelba@yopmail.com,Danny.Shelba@gmail.com,developer
175,Jsandye,Chauncey,Jsandye.Chauncey@yopmail.com,Jsandye.Chauncey@gmail.com,developer
176,Meriel,Drus,Meriel.Drus@yopmail.com,Meriel.Drus@gmail.com,police officer
177,Deane,Niccolo,Deane.Niccolo@yopmail.com,Deane.Niccolo@gmail.com,police officer
178,Tori,Larochelle,Tori.Larochelle@yopmail.com,Tori.Larochelle@gmail.com,worker
179,Wileen,Konyn,Wileen.Konyn@yopmail.com,Wileen.Konyn@gmail.com,firefighter
180,Florie,Abbot,Florie.Abbot@yopmail.com,Florie.Abbot@gmail.com,police officer
181,Kirstin,Katrine,Kirstin.Katrine@yopmail.com,Kirstin.Katrine@gmail.com,police officer
182,Henriette,Sadowski,Henriette.Sadowski@yopmail.com,Henriette.Sadowski@gmail.com,police officer
183,Eugine,Garlinda,Eugine.Garlinda@yopmail.com,Eugine.Garlinda@gmail.com,doctor
184,Miquela,Thilda,Miquela.Thilda@yopmail.com,Miquela.Thilda@gmail.com,developer
185,Trudie,Judye,Trudie.Judye@yopmail.com,Trudie.Judye@gmail.com,police officer
186,Sara-Ann,Halla,Sara-Ann.Halla@yopmail.com,Sara-Ann.Halla@gmail.com,firefighter
187,Tersina,Pauly,Tersina.Pauly@yopmail.com,Tersina.Pauly@gmail.com,doctor
188,Pollyanna,Dorcy,Pollyanna.Dorcy@yopmail.com,Pollyanna.Dorcy@gmail.com,police officer
189,Korrie,Honoria,Korrie.Honoria@yopmail.com,Korrie.Honoria@gmail.com,doctor
190,Janey,Eckblad,Janey.Eckblad@yopmail.com,Janey.Eckblad@gmail.com,developer
191,Almeta,Reneta,Almeta.Reneta@yopmail.com,Almeta.Reneta@gmail.com,firefighter
192,Belva,Jehu,Belva.Jehu@yopmail.com,Belva.Jehu@gmail.com,doctor
193,Mildrid,Thunell,Mildrid.Thunell@yopmail.com,Mildrid.Thunell@gmail.com,worker
194,Max,Eiser,Max.Eiser@yopmail.com,Max.Eiser@gmail.com,doctor
195,Blake,Newell,Blake.Newell@yopmail.com,Blake.Newell@gmail.com,police officer
196,Merry,Poppy,Merry.Poppy@yopmail.com,Merry.Poppy@gmail.com,doctor
197,Emma,Norrie,Emma.Norrie@yopmail.com,Emma.Norrie@gmail.com,doctor
198,Talya,Ader,Talya.Ader@yopmail.com,Talya.Ader@gmail.com,police officer
199,Janis,Ingra,Janis.Ingra@yopmail.com,Janis.Ingra@gmail.com,developer
200,Iseabal,Ingra,Iseabal.Ingra@yopmail.com,Iseabal.Ingra@gmail.com,worker
201,Minne,Tound,Minne.Tound@yopmail.com,Minne.Tound@gmail.com,worker
202,Daune,Anderea,Daune.Anderea@yopmail.com,Daune.Anderea@gmail.com,doctor
203,Sheelagh,Morgun,Sheelagh.Morgun@yopmail.com,Sheelagh.Morgun@gmail.com,worker
204,Eadie,Kirstin,Eadie.Kirstin@yopmail.com,Eadie.Kirstin@gmail.com,doctor
205,Mary,Wenoa,Mary.Wenoa@yopmail.com,Mary.Wenoa@gmail.com,doctor
206,Kathy,Hutchison,Kathy.Hutchison@yopmail.com,Kathy.Hutchison@gmail.com,worker
207,Hermione,Killigrew,Hermione.Killigrew@yopmail.com,Hermione.Killigrew@gmail.com,worker
208,Stacey,Orelee,Stacey.Orelee@yopmail.com,Stacey.Orelee@gmail.com,worker
209,Shell,Lamoree,Shell.Lamoree@yopmail.com,Shell.Lamoree@gmail.com,worker
210,Tiffie,Anton,Tiffie.Anton@yopmail.com,Tiffie.Anton@gmail.com,worker
211,Ottilie,Edee,Ottilie.Edee@yopmail.com,Ottilie.Edee@gmail.com,worker
212,Nataline,Keily,Nataline.Keily@yopmail.com,Nataline.Keily@gmail.com,developer
213,Rosaline,Weitman,Rosaline.Weitman@yopmail.com,Rosaline.Weitman@gmail.com,firefighter
214,Lacie,Taam,Lacie.Taam@yopmail.com,Lacie.Taam@gmail.com,firefighter
215,Margette,Madaih,Margette.Madaih@yopmail.com,Margette.Madaih@gmail.com,developer
216,Stephanie,Felizio,Stephanie.Felizio@yopmail.com,Stephanie.Felizio@gmail.com,doctor
217,Elyssa,Myrilla,Elyssa.Myrilla@yopmail.com,Elyssa.Myrilla@gmail.com,doctor
218,Elise,Cressida,Elise.Cressida@yopmail.com,Elise.Cressida@gmail.com,doctor
219,Sibella,Kazimir,Sibella.Kazimir@yopmail.com,Sibella.Kazimir@gmail.com,police officer
220,Doro,Duwalt,Doro.Duwalt@yopmail.com,Doro.Duwalt@gmail.com,doctor
221,Shaylyn,Pierette,Shaylyn.Pierette@yopmail.com,Shaylyn.Pierette@gmail.com,firefighter
222,Dotty,Euridice,Dotty.Euridice@yopmail.com,Dotty.Euridice@gmail.com,firefighter
223,Lorie,Lytton,Lorie.Lytton@yopmail.com,Lorie.Lytton@gmail.com,firefighter
224,Madelle,Niles,Madelle.Niles@yopmail.com,Madelle.Niles@gmail.com,firefighter
225,Carmencita,Harned,Carmencita.Harned@yopmail.com,Carmencita.Harned@gmail.com,doctor
226,Hannis,Letsou,Hannis.Letsou@yopmail.com,Hannis.Letsou@gmail.com,worker
227,Angela,Joachim,Angela.Joachim@yopmail.com,Angela.Joachim@gmail.com,worker
228,Sean,Garbe,Sean.Garbe@yopmail.com,Sean.Garbe@gmail.com,doctor
229,Wanda,Sigfrid,Wanda.Sigfrid@yopmail.com,Wanda.Sigfrid@gmail.com,worker
230,Lesly,Rona,Lesly.Rona@yopmail.com,Lesly.Rona@gmail.com,worker
231,Cathyleen,Euridice,Cathyleen.Euridice@yopmail.com,Cathyleen.Euridice@gmail.com,firefighter
232,Sean,Odell,Sean.Odell@yopmail.com,Sean.Odell@gmail.com,firefighter
233,Trixi,Hylan,Trixi.Hylan@yopmail.com,Trixi.Hylan@gmail.com,developer
234,Cyb,Ethban,Cyb.Ethban@yopmail.com,Cyb.Ethban@gmail.com,firefighter
235,Mireielle,Ax,Mireielle.Ax@yopmail.com,Mireielle.Ax@gmail.com,worker
236,Donetta,Frodi,Donetta.Frodi@yopmail.com,Donetta.Frodi@gmail.com,worker
237,Teriann,Justinn,Teriann.Justinn@yopmail.com,Teriann.Justinn@gmail.com,police officer
238,Pierette,Bebe,Pierette.Bebe@yopmail.com,Pierette.Bebe@gmail.com,firefighter
239,Sindee,Moseley,Sindee.Moseley@yopmail.com,Sindee.Moseley@gmail.com,doctor
240,Anica,Skell,Anica.Skell@yopmail.com,Anica.Skell@gmail.com,police officer
241,Tiffie,Mauer,Tiffie.Mauer@yopmail.com,Tiffie.Mauer@gmail.com,firefighter
242,Melisent,Voletta,Melisent.Voletta@yopmail.com,Melisent.Voletta@gmail.com,police officer
243,Ileana,Bobbee,Ileana.Bobbee@yopmail.com,Ileana.Bobbee@gmail.com,doctor
244,Randa,Chrystel,Randa.Chrystel@yopmail.com,Randa.Chrystel@gmail.com,firefighter
245,Camile,Annabella,Camile.Annabella@yopmail.com,Camile.Annabella@gmail.com,police officer
246,Tani,Sidonius,Tani.Sidonius@yopmail.com,Tani.Sidonius@gmail.com,police officer
247,Fanny,Adlare,Fanny.Adlare@yopmail.com,Fanny.Adlare@gmail.com,firefighter
248,Genovera,Pierette,Genovera.Pierette@yopmail.com,Genovera.Pierette@gmail.com,worker
249,Gloria,Vins,Gloria.Vins@yopmail.com,Gloria.Vins@gmail.com,doctor
250,Vere,Monaco,Vere.Monaco@yopmail.com,Vere.Monaco@gmail.com,firefighter
251,Rozele,Emerson,Rozele.Emerson@yopmail.com,Rozele.Emerson@gmail.com,firefighter
252,Aurelie,Nester,Aurelie.Nester@yopmail.com,Aurelie.Nester@gmail.com,doctor
253,Orsola,Hebner,Orsola.Hebner@yopmail.com,Orsola.Hebner@gmail.com,police officer
254,Lucy,Kellby,Lucy.Kellby@yopmail.com,Lucy.Kellby@gmail.com,firefighter
255,Dolli,Bari,Dolli.Bari@yopmail.com,Dolli.Bari@gmail.com,firefighter
256,Tabbatha,Larochelle,Tabbatha.Larochelle@yopmail.com,Tabbatha.Larochelle@gmail.com,worker
257,Ursulina,Arne,Ursulina.Arne@yopmail.com,Ursulina.Arne@gmail.com,worker
258,Gianina,Pettiford,Gianina.Pettiford@yopmail.com,Gianina.Pettiford@gmail.com,police officer
259,Luci,Saree,Luci.Saree@yopmail.com,Luci.Saree@gmail.com,worker
260,Petronia,Waldron,Petronia.Waldron@yopmail.com,Petronia.Waldron@gmail.com,police officer
261,Fayre,Louanna,Fayre.Louanna@yopmail.com,Fayre.Louanna@gmail.com,worker
262,Dari,Lytton,Dari.Lytton@yopmail.com,Dari.Lytton@gmail.com,developer
263,Henriette,Kress,Henriette.Kress@yopmail.com,Henriette.Kress@gmail.com,worker
264,Starla,Zina,Starla.Zina@yopmail.com,Starla.Zina@gmail.com,doctor
265,Lexine,Stephie,Lexine.Stephie@yopmail.com,Lexine.Stephie@gmail.com,firefighter
266,Genovera,Pacorro,Genovera.Pacorro@yopmail.com,Genovera.Pacorro@gmail.com,police officer
267,Marinna,Munn,Marinna.Munn@yopmail.com,Marinna.Munn@gmail.com,worker
268,Edith,Audly,Edith.Audly@yopmail.com,Edith.Audly@gmail.com,doctor
269,Jackie,Mandler,Jackie.Mandler@yopmail.com,Jackie.Mandler@gmail.com,worker
270,Oona,Blase,Oona.Blase@yopmail.com,Oona.Blase@gmail.com,developer
271,Ulrike,Grimbly,Ulrike.Grimbly@yopmail.com,Ulrike.Grimbly@gmail.com,worker
272,Rivalee,Schwejda,Rivalee.Schwejda@yopmail.com,Rivalee.Schwejda@gmail.com,police officer
273,Nickie,Delila,Nickie.Delila@yopmail.com,Nickie.Delila@gmail.com,firefighter
274,Sarette,Ferino,Sarette.Ferino@yopmail.com,Sarette.Ferino@gmail.com,firefighter
275,Charlena,An,Charlena.An@yopmail.com,Charlena.An@gmail.com,police officer
276,Joeann,Marisa,Joeann.Marisa@yopmail.com,Joeann.Marisa@gmail.com,firefighter
277,Merle,Carvey,Merle.Carvey@yopmail.com,Merle.Carvey@gmail.com,police officer
278,Kristan,Othilia,Kristan.Othilia@yopmail.com,Kristan.Othilia@gmail.com,doctor
279,Diena,Mitzi,Diena.Mitzi@yopmail.com,Diena.Mitzi@gmail.com,worker
280,Dode,Campball,Dode.Campball@yopmail.com,Dode.Campball@gmail.com,worker
281,Shel,Terencio,Shel.Terencio@yopmail.com,Shel.Terencio@gmail.com,firefighter
282,Lenna,Anyah,Lenna.Anyah@yopmail.com,Lenna.Anyah@gmail.com,doctor
283,Noelle,Angelis,Noelle.Angelis@yopmail.com,Noelle.Angelis@gmail.com,firefighter
284,Ariela,Bultman,Ariela.Bultman@yopmail.com,Ariela.Bultman@gmail.com,worker
285,Trudie,Vary,Trudie.Vary@yopmail.com,Trudie.Vary@gmail.com,police officer
286,Malina,Sheng,Malina.Sheng@yopmail.com,Malina.Sheng@gmail.com,worker
287,Jaime,Kat,Jaime.Kat@yopmail.com,Jaime.Kat@gmail.com,doctor
288,Patricia,Hathaway,Patricia.Hathaway@yopmail.com,Patricia.Hathaway@gmail.com,worker
289,Consuela,Thornburg,Consuela.Thornburg@yopmail.com,Consuela.Thornburg@gmail.com,worker
290,Kary,Rheingold,Kary.Rheingold@yopmail.com,Kary.Rheingold@gmail.com,firefighter
291,Andree,Georas,Andree.Georas@yopmail.com,Andree.Georas@gmail.com,police officer
292,Rhoda,Cleavland,Rhoda.Cleavland@yopmail.com,Rhoda.Cleavland@gmail.com,police officer
293,Trixi,Xerxes,Trixi.Xerxes@yopmail.com,Trixi.Xerxes@gmail.com,firefighter
294,Jan,Rustice,Jan.Rustice@yopmail.com,Jan.Rustice@gmail.com,developer
295,Kassey,Lauraine,Kassey.Lauraine@yopmail.com,Kassey.Lauraine@gmail.com,police officer
296,Gusella,Dex,Gusella.Dex@yopmail.com,Gusella.Dex@gmail.com,police officer
297,Lynnea,Wallis,Lynnea.Wallis@yopmail.com,Lynnea.Wallis@gmail.com,doctor
298,Millie,Palocz,Millie.Palocz@yopmail.com,Millie.Palocz@gmail.com,doctor
299,Dione,Tamsky,Dione.Tamsky@yopmail.com,Dione.Tamsky@gmail.com,developer
300,Mathilda,Girardo,Mathilda.Girardo@yopmail.com,Mathilda.Girardo@gmail.com,firefighter
301,Dacia,Carlson,Dacia.Carlson@yopmail.com,Dacia.Carlson@gmail.com,developer
302,Sheree,Gavrila,Sheree.Gavrila@yopmail.com,Sheree.Gavrila@gmail.com,firefighter
303,Dione,Dalli,Dione.Dalli@yopmail.com,Dione.Dalli@gmail.com,worker
304,Silvana,Cath,Silvana.Cath@yopmail.com,Silvana.Cath@gmail.com,worker
305,Gaylene,Gaulin,Gaylene.Gaulin@yopmail.com,Gaylene.Gaulin@gmail.com,worker
306,Dominga,Hanleigh,Dominga.Hanleigh@yopmail.com,Dominga.Hanleigh@gmail.com,doctor
307,Ingrid,Mullane,Ingrid.Mullane@yopmail.com,Ingrid.Mullane@gmail.com,developer
308,Marguerite,Brittani,Marguerite.Brittani@yopmail.com,Marguerite.Brittani@gmail.com,firefighter
309,Aubrie,Gherardo,Aubrie.Gherardo@yopmail.com,Aubrie.Gherardo@gmail.com,police officer
310,Justinn,Philipp,Justinn.Philipp@yopmail.com,Justinn.Philipp@gmail.com,worker
311,Eve,Mike,Eve.Mike@yopmail.com,Eve.Mike@gmail.com,firefighter
312,Letizia,Heisel,Letizia.Heisel@yopmail.com,Letizia.Heisel@gmail.com,developer
313,Netty,Zina,Netty.Zina@yopmail.com,Netty.Zina@gmail.com,worker
314,Feliza,Francene,Feliza.Francene@yopmail.com,Feliza.Francene@gmail.com,developer
315,Marylou,Gemini,Marylou.Gemini@yopmail.com,Marylou.Gemini@gmail.com,worker
316,Yetty,Hailee,Yetty.Hailee@yopmail.com,Yetty.Hailee@gmail.com,worker
317,Raina,Adrienne,Raina.Adrienne@yopmail.com,Raina.Adrienne@gmail.com,developer
318,Lolita,Vharat,Lolita.Vharat@yopmail.com,Lolita.Vharat@gmail.com,developer
319,Benita,Arathorn,Benita.Arathorn@yopmail.com,Benita.Arathorn@gmail.com,worker
320,Jean,Aldric,Jean.Aldric@yopmail.com,Jean.Aldric@gmail.com,police officer
321,Belva,Calhoun,Belva.Calhoun@yopmail.com,Belva.Calhoun@gmail.com,developer
322,Audrie,Anderea,Audrie.Anderea@yopmail.com,Audrie.Anderea@gmail.com,firefighter
323,Doralynne,Atcliffe,Doralynne.Atcliffe@yopmail.com,Doralynne.Atcliffe@gmail.com,doctor
324,Anthia,Maryanne,Anthia.Maryanne@yopmail.com,Anthia.Maryanne@gmail.com,police officer
325,Deloria,Joli,Deloria.Joli@yopmail.com,Deloria.Joli@gmail.com,worker
326,Myriam,Croix,Myriam.Croix@yopmail.com,Myriam.Croix@gmail.com,police officer
327,Catharine,Tremayne,Catharine.Tremayne@yopmail.com,Catharine.Tremayne@gmail.com,developer
328,Millie,Levey,Millie.Levey@yopmail.com,Millie.Levey@gmail.com,firefighter
329,Chastity,Hamil,Chastity.Hamil@yopmail.com,Chastity.Hamil@gmail.com,police officer
330,Abbie,Gualtiero,Abbie.Gualtiero@yopmail.com,Abbie.Gualtiero@gmail.com,police officer
331,Gloria,Auberbach,Gloria.Auberbach@yopmail.com,Gloria.Auberbach@gmail.com,doctor
332,Caritta,Tengdin,Caritta.Tengdin@yopmail.com,Caritta.Tengdin@gmail.com,developer
333,Hermione,Nore,Hermione.Nore@yopmail.com,Hermione.Nore@gmail.com,firefighter
334,Kamilah,Plato,Kamilah.Plato@yopmail.com,Kamilah.Plato@gmail.com,police officer
335,Codie,Dorothy,Codie.Dorothy@yopmail.com,Codie.Dorothy@gmail.com,police officer
336,Charmaine,Gombach,Charmaine.Gombach@yopmail.com,Charmaine.Gombach@gmail.com,worker
337,Fina,Kermit,Fina.Kermit@yopmail.com,Fina.Kermit@gmail.com,developer
338,Joeann,Vary,Joeann.Vary@yopmail.com,Joeann.Vary@gmail.com,worker
339,Britte,Erb,Britte.Erb@yopmail.com,Britte.Erb@gmail.com,firefighter
340,Reeba,Bartlett,Reeba.Bartlett@yopmail.com,Reeba.Bartlett@gmail.com,worker
341,Josephine,Darian,Josephine.Darian@yopmail.com,Josephine.Darian@gmail.com,police officer
342,Binny,Ricki,Binny.Ricki@yopmail.com,Binny.Ricki@gmail.com,police officer
343,Binny,Tatianas,Binny.Tatianas@yopmail.com,Binny.Tatianas@gmail.com,police officer
344,Joelly,Podvin,Joelly.Podvin@yopmail.com,Joelly.Podvin@gmail.com,worker
345,Cherrita,Rodmann,Cherrita.Rodmann@yopmail.com,Cherrita.Rodmann@gmail.com,police officer
346,Dennie,Hunfredo,Dennie.Hunfredo@yopmail.com,Dennie.Hunfredo@gmail.com,police officer
347,Kylynn,Angelis,Kylynn.Angelis@yopmail.com,Kylynn.Angelis@gmail.com,developer
348,Lauryn,Haymes,Lauryn.Haymes@yopmail.com,Lauryn.Haymes@gmail.com,worker
349,Hallie,Yate,Hallie.Yate@yopmail.com,Hallie.Yate@gmail.com,firefighter
350,Jeanna,Colp,Jeanna.Colp@yopmail.com,Jeanna.Colp@gmail.com,doctor
351,Marcy,Dominy,Marcy.Dominy@yopmail.com,Marcy.Dominy@gmail.com,doctor
352,Mariele,Creamer,Mariele.Creamer@yopmail.com,Mariele.Creamer@gmail.com,doctor
353,Katuscha,Janith,Katuscha.Janith@yopmail.com,Katuscha.Janith@gmail.com,worker
354,Hollie,Beniamino,Hollie.Beniamino@yopmail.com,Hollie.Beniamino@gmail.com,developer
355,Susette,Ralfston,Susette.Ralfston@yopmail.com,Susette.Ralfston@gmail.com,developer
356,Danika,Jerald,Danika.Jerald@yopmail.com,Danika.Jerald@gmail.com,worker
357,Candy,Solitta,Candy.Solitta@yopmail.com,Candy.Solitta@gmail.com,doctor
358,Laure,Hebner,Laure.Hebner@yopmail.com,Laure.Hebner@gmail.com,developer
359,Betta,Madox,Betta.Madox@yopmail.com,Betta.Madox@gmail.com,doctor
360,Jobi,Leopold,Jobi.Leopold@yopmail.com,Jobi.Leopold@gmail.com,worker
361,Tilly,Hanleigh,Tilly.Hanleigh@yopmail.com,Tilly.Hanleigh@gmail.com,firefighter
362,Hope,Hortensia,Hope.Hortensia@yopmail.com,Hope.Hortensia@gmail.com,firefighter
363,Ronna,Lutero,Ronna.Lutero@yopmail.com,Ronna.Lutero@gmail.com,firefighter
364,Jere,Mich,Jere.Mich@yopmail.com,Jere.Mich@gmail.com,police officer
365,Dawn,Kress,Dawn.Kress@yopmail.com,Dawn.Kress@gmail.com,developer
366,Emma,Nadia,Emma.Nadia@yopmail.com,Emma.Nadia@gmail.com,worker
367,Katharina,Quinn,Katharina.Quinn@yopmail.com,Katharina.Quinn@gmail.com,firefighter
368,Evita,Cutlerr,Evita.Cutlerr@yopmail.com,Evita.Cutlerr@gmail.com,worker
369,Jobi,Olin,Jobi.Olin@yopmail.com,Jobi.Olin@gmail.com,developer
370,Myrtice,Dermott,Myrtice.Dermott@yopmail.com,Myrtice.Dermott@gmail.com,developer
371,Harmonia,Hermes,Harmonia.Hermes@yopmail.com,Harmonia.Hermes@gmail.com,developer
372,Carol-Jean,Dorothy,Carol-Jean.Dorothy@yopmail.com,Carol-Jean.Dorothy@gmail.com,doctor
373,Claresta,Bow,Claresta.Bow@yopmail.com,Claresta.Bow@gmail.com,developer
374,Raina,Eiser,Raina.Eiser@yopmail.com,Raina.Eiser@gmail.com,doctor
375,Antonietta,Dyche,Antonietta.Dyche@yopmail.com,Antonietta.Dyche@gmail.com,doctor
376,Jessamyn,Graig,Jessamyn.Graig@yopmail.com,Jessamyn.Graig@gmail.com,police officer
377,Nita,Dash,Nita.Dash@yopmail.com,Nita.Dash@gmail.com,doctor
378,Betta,Orelee,Betta.Orelee@yopmail.com,Betta.Orelee@gmail.com,doctor
379,Amelia,Pierette,Amelia.Pierette@yopmail.com,Amelia.Pierette@gmail.com,worker
380,Flo,Thunell,Flo.Thunell@yopmail.com,Flo.Thunell@gmail.com,doctor
381,Heddie,Ciro,Heddie.Ciro@yopmail.com,Heddie.Ciro@gmail.com,doctor
382,Asia,Corilla,Asia.Corilla@yopmail.com,Asia.Corilla@gmail.com,doctor
383,Sabina,Pond,Sabina.Pond@yopmail.com,Sabina.Pond@gmail.com,police officer
384,Valeda,Lindemann,Valeda.Lindemann@yopmail.com,Valeda.Lindemann@gmail.com,worker
385,Tiffie,Seumas,Tiffie.Seumas@yopmail.com,Tiffie.Seumas@gmail.com,firefighter
386,Sybille,Persse,Sybille.Persse@yopmail.com,Sybille.Persse@gmail.com,firefighter
387,Cissiee,Jefferey,Cissiee.Jefferey@yopmail.com,Cissiee.Jefferey@gmail.com,police officer
388,Janis,Fiann,Janis.Fiann@yopmail.com,Janis.Fiann@gmail.com,firefighter
389,Mireielle,Bates,Mireielle.Bates@yopmail.com,Mireielle.Bates@gmail.com,developer
390,Ada,Horan,Ada.Horan@yopmail.com,Ada.Horan@gmail.com,police officer
391,Rubie,Lowry,Rubie.Lowry@yopmail.com,Rubie.Lowry@gmail.com,developer
392,Winny,Cressida,Winny.Cressida@yopmail.com,Winny.Cressida@gmail.com,firefighter
393,Kara-Lynn,Nunci,Kara-Lynn.Nunci@yopmail.com,Kara-Lynn.Nunci@gmail.com,police officer
394,Noelle,Narton,Noelle.Narton@yopmail.com,Noelle.Narton@gmail.com,police officer
395,Betta,Kendrick,Betta.Kendrick@yopmail.com,Betta.Kendrick@gmail.com,worker
396,Linet,Lenny,Linet.Lenny@yopmail.com,Linet.Lenny@gmail.com,police officer
397,Albertina,Loeb,Albertina.Loeb@yopmail.com,Albertina.Loeb@gmail.com,worker
398,Augustine,Latini,Augustine.Latini@yopmail.com,Augustine.Latini@gmail.com,police officer
399,Aurore,Gibbeon,Aurore.Gibbeon@yopmail.com,Aurore.Gibbeon@gmail.com,doctor
400,Hope,Palocz,Hope.Palocz@yopmail.com,Hope.Palocz@gmail.com,worker
401,Tybie,Yusuk,Tybie.Yusuk@yopmail.com,Tybie.Yusuk@gmail.com,police officer
402,Shaylyn,Grayce,Shaylyn.Grayce@yopmail.com,Shaylyn.Grayce@gmail.com,police officer
403,Romona,Lareena,Romona.Lareena@yopmail.com,Romona.Lareena@gmail.com,firefighter
404,Hallie,Zetta,Hallie.Zetta@yopmail.com,Hallie.Zetta@gmail.com,developer
405,Maurene,Henrie,Maurene.Henrie@yopmail.com,Maurene.Henrie@gmail.com,worker
406,Carree,Beebe,Carree.Beebe@yopmail.com,Carree.Beebe@gmail.com,police officer
407,Genevra,Neva,Genevra.Neva@yopmail.com,Genevra.Neva@gmail.com,worker
408,Kamilah,Tound,Kamilah.Tound@yopmail.com,Kamilah.Tound@gmail.com,police officer
409,Janenna,Eachern,Janenna.Eachern@yopmail.com,Janenna.Eachern@gmail.com,doctor
410,Monika,Kalinda,Monika.Kalinda@yopmail.com,Monika.Kalinda@gmail.com,police officer
411,Asia,Uird,Asia.Uird@yopmail.com,Asia.Uird@gmail.com,developer
412,Esmeralda,Rolf,Esmeralda.Rolf@yopmail.com,Esmeralda.Rolf@gmail.com,doctor
413,Cassandra,Cassius,Cassandra.Cassius@yopmail.com,Cassandra.Cassius@gmail.com,doctor
414,Tilly,Ranjiv,Tilly.Ranjiv@yopmail.com,Tilly.Ranjiv@gmail.com,worker
415,Celestyna,Colbert,Celestyna.Colbert@yopmail.com,Celestyna.Colbert@gmail.com,worker
416,Dari,Madaih,Dari.Madaih@yopmail.com,Dari.Madaih@gmail.com,police officer
417,Tami,Randene,Tami.Randene@yopmail.com,Tami.Randene@gmail.com,firefighter
418,Cyndie,Cristi,Cyndie.Cristi@yopmail.com,Cyndie.Cristi@gmail.com,firefighter
419,Nanete,Haldas,Nanete.Haldas@yopmail.com,Nanete.Haldas@gmail.com,developer
420,Margalo,Demitria,Margalo.Demitria@yopmail.com,Margalo.Demitria@gmail.com,developer
421,Lita,Hillel,Lita.Hillel@yopmail.com,Lita.Hillel@gmail.com,worker
422,Perry,Philoo,Perry.Philoo@yopmail.com,Perry.Philoo@gmail.com,firefighter
423,Rosabelle,Allare,Rosabelle.Allare@yopmail.com,Rosabelle.Allare@gmail.com,doctor
424,Blake,Irmine,Blake.Irmine@yopmail.com,Blake.Irmine@gmail.com,worker
425,Renie,Alfons,Renie.Alfons@yopmail.com,Renie.Alfons@gmail.com,firefighter
426,Andree,Bendick,Andree.Bendick@yopmail.com,Andree.Bendick@gmail.com,worker
427,Allis,Hortensia,Allis.Hortensia@yopmail.com,Allis.Hortensia@gmail.com,doctor
428,Gavrielle,Anastatius,Gavrielle.Anastatius@yopmail.com,Gavrielle.Anastatius@gmail.com,police officer
429,Sonni,Cullin,Sonni.Cullin@yopmail.com,Sonni.Cullin@gmail.com,developer
430,Hannis,Narton,Hannis.Narton@yopmail.com,Hannis.Narton@gmail.com,worker
431,Morganica,Terrence,Morganica.Terrence@yopmail.com,Morganica.Terrence@gmail.com,police officer
432,Britni,Iaverne,Britni.Iaverne@yopmail.com,Britni.Iaverne@gmail.com,doctor
433,Sharai,Thema,Sharai.Thema@yopmail.com,Sharai.Thema@gmail.com,developer
434,Celisse,Karl,Celisse.Karl@yopmail.com,Celisse.Karl@gmail.com,developer
435,Kassey,Bebe,Kassey.Bebe@yopmail.com,Kassey.Bebe@gmail.com,firefighter
436,Claudina,Jorgan,Claudina.Jorgan@yopmail.com,Claudina.Jorgan@gmail.com,doctor
437,Elka,Roarke,Elka.Roarke@yopmail.com,Elka.Roarke@gmail.com,police officer
438,Annecorinne,Middleton,Annecorinne.Middleton@yopmail.com,Annecorinne.Middleton@gmail.com,developer
439,Drucie,Ardeha,Drucie.Ardeha@yopmail.com,Drucie.Ardeha@gmail.com,doctor
440,Ottilie,Ball,Ottilie.Ball@yopmail.com,Ottilie.Ball@gmail.com,police officer
441,Melisent,Mandler,Melisent.Mandler@yopmail.com,Melisent.Mandler@gmail.com,developer
442,Raquela,Halla,Raquela.Halla@yopmail.com,Raquela.Halla@gmail.com,police officer
443,Cherrita,Byrne,Cherrita.Byrne@yopmail.com,Cherrita.Byrne@gmail.com,doctor
444,Atlanta,Gabrielli,Atlanta.Gabrielli@yopmail.com,Atlanta.Gabrielli@gmail.com,police officer
445,Chastity,Llovera,Chastity.Llovera@yopmail.com,Chastity.Llovera@gmail.com,developer
446,Meriel,Borrell,Meriel.Borrell@yopmail.com,Meriel.Borrell@gmail.com,doctor
447,Tabbatha,Allina,Tabbatha.Allina@yopmail.com,Tabbatha.Allina@gmail.com,police officer
448,Genevra,Jacqui,Genevra.Jacqui@yopmail.com,Genevra.Jacqui@gmail.com,firefighter
449,Brooks,Tannie,Brooks.Tannie@yopmail.com,Brooks.Tannie@gmail.com,developer
450,Blondelle,Briney,Blondelle.Briney@yopmail.com,Blondelle.Briney@gmail.com,developer
451,Yolane,Barrus,Yolane.Barrus@yopmail.com,Yolane.Barrus@gmail.com,police officer
452,Kirstin,Ranjiv,Kirstin.Ranjiv@yopmail.com,Kirstin.Ranjiv@gmail.com,firefighter
453,Annora,Saree,Annora.Saree@yopmail.com,Annora.Saree@gmail.com,developer
454,Jackie,Morgun,Jackie.Morgun@yopmail.com,Jackie.Morgun@gmail.com,doctor
455,Halette,Kat,Halette.Kat@yopmail.com,Halette.Kat@gmail.com,developer
456,Lulita,Aurelio,Lulita.Aurelio@yopmail.com,Lulita.Aurelio@gmail.com,doctor
457,Betta,Nikaniki,Betta.Nikaniki@yopmail.com,Betta.Nikaniki@gmail.com,worker
458,Tilly,Tippets,Tilly.Tippets@yopmail.com,Tilly.Tippets@gmail.com,firefighter
459,Tersina,Ovid,Tersina.Ovid@yopmail.com,Tersina.Ovid@gmail.com,worker
460,Camile,Bluh,Camile.Bluh@yopmail.com,Camile.Bluh@gmail.com,police officer
461,Riannon,Allare,Riannon.Allare@yopmail.com,Riannon.Allare@gmail.com,doctor
462,Carmencita,Nickola,Carmencita.Nickola@yopmail.com,Carmencita.Nickola@gmail.com,worker
463,Elmira,Kiyoshi,Elmira.Kiyoshi@yopmail.com,Elmira.Kiyoshi@gmail.com,developer
464,Fayre,Concha,Fayre.Concha@yopmail.com,Fayre.Concha@gmail.com,doctor
465,Carilyn,Anastatius,Carilyn.Anastatius@yopmail.com,Carilyn.Anastatius@gmail.com,worker
466,Britte,Lea,Britte.Lea@yopmail.com,Britte.Lea@gmail.com,doctor
467,Janey,Willie,Janey.Willie@yopmail.com,Janey.Willie@gmail.com,firefighter
468,Dulce,Pierette,Dulce.Pierette@yopmail.com,Dulce.Pierette@gmail.com,police officer
469,Dominga,Jaylene,Dominga.Jaylene@yopmail.com,Dominga.Jaylene@gmail.com,worker
470,Kassey,Halsey,Kassey.Halsey@yopmail.com,Kassey.Halsey@gmail.com,police officer
471,Taffy,Sallyann,Taffy.Sallyann@yopmail.com,Taffy.Sallyann@gmail.com,worker
472,Josephine,Fax,Josephine.Fax@yopmail.com,Josephine.Fax@gmail.com,firefighter
473,Leanna,Dom,Leanna.Dom@yopmail.com,Leanna.Dom@gmail.com,worker
474,Charlena,Cimbura,Charlena.Cimbura@yopmail.com,Charlena.Cimbura@gmail.com,firefighter
475,Nelle,Abram,Nelle.Abram@yopmail.com,Nelle.Abram@gmail.com,worker
476,Odessa,Tarrant,Odessa.Tarrant@yopmail.com,Odessa.Tarrant@gmail.com,doctor
477,Margalo,Read,Margalo.Read@yopmail.com,Margalo.Read@gmail.com,worker
478,Hildegaard,Hoenack,Hildegaard.Hoenack@yopmail.com,Hildegaard.Hoenack@gmail.com,worker
479,Florencia,Cristi,Florencia.Cristi@yopmail.com,Florencia.Cristi@gmail.com,firefighter
480,Nananne,Chauncey,Nananne.Chauncey@yopmail.com,Nananne.Chauncey@gmail.com,firefighter
481,Marti,Lindemann,Marti.Lindemann@yopmail.com,Marti.Lindemann@gmail.com,worker
482,Janenna,Westphal,Janenna.Westphal@yopmail.com,Janenna.Westphal@gmail.com,developer
483,Tiffie,Fontana,Tiffie.Fontana@yopmail.com,Tiffie.Fontana@gmail.com,doctor
484,Sabina,Jess,Sabina.Jess@yopmail.com,Sabina.Jess@gmail.com,firefighter
485,Sidoney,Berriman,Sidoney.Berriman@yopmail.com,Sidoney.Berriman@gmail.com,firefighter
486,Glenda,Kaja,Glenda.Kaja@yopmail.com,Glenda.Kaja@gmail.com,doctor
487,Giustina,Miru,Giustina.Miru@yopmail.com,Giustina.Miru@gmail.com,police officer
488,Jany,Cleo,Jany.Cleo@yopmail.com,Jany.Cleo@gmail.com,firefighter
489,Fanny,Kazimir,Fanny.Kazimir@yopmail.com,Fanny.Kazimir@gmail.com,doctor
490,Taffy,Pettiford,Taffy.Pettiford@yopmail.com,Taffy.Pettiford@gmail.com,doctor
491,Romona,Elo,Romona.Elo@yopmail.com,Romona.Elo@gmail.com,police officer
492,Clary,Shaddock,Clary.Shaddock@yopmail.com,Clary.Shaddock@gmail.com,worker
493,Starla,Velick,Starla.Velick@yopmail.com,Starla.Velick@gmail.com,developer
494,Adele,Rocray,Adele.Rocray@yopmail.com,Adele.Rocray@gmail.com,police officer
495,Kamilah,Chabot,Kamilah.Chabot@yopmail.com,Kamilah.Chabot@gmail.com,police officer
496,Janis,Sacken,Janis.Sacken@yopmail.com,Janis.Sacken@gmail.com,police officer
497,Margalo,Susannah,Margalo.Susannah@yopmail.com,Margalo.Susannah@gmail.com,police officer
498,Odessa,Heidt,Odessa.Heidt@yopmail.com,Odessa.Heidt@gmail.com,worker
499,Rivalee,Allare,Rivalee.Allare@yopmail.com,Rivalee.Allare@gmail.com,firefighter
500,Eadie,Stav,Eadie.Stav@yopmail.com,Eadie.Stav@gmail.com,police officer
501,Bobinette,Valoniah,Bobinette.Valoniah@yopmail.com,Bobinette.Valoniah@gmail.com,doctor
502,Lauryn,Garlinda,Lauryn.Garlinda@yopmail.com,Lauryn.Garlinda@gmail.com,police officer
503,Ursulina,Michella,Ursulina.Michella@yopmail.com,Ursulina.Michella@gmail.com,police officer
504,Tiffie,Ailyn,Tiffie.Ailyn@yopmail.com,Tiffie.Ailyn@gmail.com,worker
505,Angela,Lamoree,Angela.Lamoree@yopmail.com,Angela.Lamoree@gmail.com,worker
506,Calla,Mallon,Calla.Mallon@yopmail.com,Calla.Mallon@gmail.com,firefighter
507,Correy,Koziara,Correy.Koziara@yopmail.com,Correy.Koziara@gmail.com,police officer
508,Kaja,Esmaria,Kaja.Esmaria@yopmail.com,Kaja.Esmaria@gmail.com,police officer
509,Mara,Franza,Mara.Franza@yopmail.com,Mara.Franza@gmail.com,police officer
510,Hyacinthe,Miru,Hyacinthe.Miru@yopmail.com,Hyacinthe.Miru@gmail.com,doctor
511,Rebeca,Philoo,Rebeca.Philoo@yopmail.com,Rebeca.Philoo@gmail.com,developer
512,Pearline,Primalia,Pearline.Primalia@yopmail.com,Pearline.Primalia@gmail.com,police officer
513,Loree,Rudolph,Loree.Rudolph@yopmail.com,Loree.Rudolph@gmail.com,firefighter
514,Raquela,Natica,Raquela.Natica@yopmail.com,Raquela.Natica@gmail.com,firefighter
515,Romona,Ophelia,Romona.Ophelia@yopmail.com,Romona.Ophelia@gmail.com,firefighter
516,Merci,Alarise,Merci.Alarise@yopmail.com,Merci.Alarise@gmail.com,worker
517,Hermione,Hirsch,Hermione.Hirsch@yopmail.com,Hermione.Hirsch@gmail.com,doctor
518,Jobi,Hartnett,Jobi.Hartnett@yopmail.com,Jobi.Hartnett@gmail.com,doctor
519,Perry,Barney,Perry.Barney@yopmail.com,Perry.Barney@gmail.com,doctor
520,Marline,Joli,Marline.Joli@yopmail.com,Marline.Joli@gmail.com,worker
521,Tani,Afton,Tani.Afton@yopmail.com,Tani.Afton@gmail.com,doctor
522,Tybie,Hourigan,Tybie.Hourigan@yopmail.com,Tybie.Hourigan@gmail.com,doctor
523,Kathi,Wildermuth,Kathi.Wildermuth@yopmail.com,Kathi.Wildermuth@gmail.com,firefighter
524,Kylynn,Riordan,Kylynn.Riordan@yopmail.com,Kylynn.Riordan@gmail.com,developer
525,Paola,Niccolo,Paola.Niccolo@yopmail.com,Paola.Niccolo@gmail.com,police officer
526,Tersina,Ambrosia,Tersina.Ambrosia@yopmail.com,Tersina.Ambrosia@gmail.com,doctor
527,Antonietta,Mich,Antonietta.Mich@yopmail.com,Antonietta.Mich@gmail.com,doctor
528,Orsola,Eckblad,Orsola.Eckblad@yopmail.com,Orsola.Eckblad@gmail.com,worker
529,Mariann,Leonard,Mariann.Leonard@yopmail.com,Mariann.Leonard@gmail.com,police officer
530,Chandra,Diogenes,Chandra.Diogenes@yopmail.com,Chandra.Diogenes@gmail.com,developer
531,Carolina,Romelda,Carolina.Romelda@yopmail.com,Carolina.Romelda@gmail.com,firefighter
532,Catharine,Tice,Catharine.Tice@yopmail.com,Catharine.Tice@gmail.com,doctor
533,Wendi,Cloris,Wendi.Cloris@yopmail.com,Wendi.Cloris@gmail.com,worker
534,Annora,Forrer,Annora.Forrer@yopmail.com,Annora.Forrer@gmail.com,developer
535,Bee,Cornelia,Bee.Cornelia@yopmail.com,Bee.Cornelia@gmail.com,worker
536,Camile,Eckblad,Camile.Eckblad@yopmail.com,Camile.Eckblad@gmail.com,doctor
537,Tomasina,Lissi,Tomasina.Lissi@yopmail.com,Tomasina.Lissi@gmail.com,developer
538,Lyssa,Tengdin,Lyssa.Tengdin@yopmail.com,Lyssa.Tengdin@gmail.com,police officer
539,Lisette,Narton,Lisette.Narton@yopmail.com,Lisette.Narton@gmail.com,police officer
540,Brandise,Wolfgram,Brandise.Wolfgram@yopmail.com,Brandise.Wolfgram@gmail.com,developer
541,Eugine,Pip,Eugine.Pip@yopmail.com,Eugine.Pip@gmail.com,developer
542,Lanna,Holbrook,Lanna.Holbrook@yopmail.com,Lanna.Holbrook@gmail.com,developer
543,Aaren,Valoniah,Aaren.Valoniah@yopmail.com,Aaren.Valoniah@gmail.com,firefighter
544,Aigneis,Lumbard,Aigneis.Lumbard@yopmail.com,Aigneis.Lumbard@gmail.com,worker
545,Joane,Eugenia,Joane.Eugenia@yopmail.com,Joane.Eugenia@gmail.com,developer
546,Orelia,Burnside,Orelia.Burnside@yopmail.com,Orelia.Burnside@gmail.com,police officer
547,Nelle,Amadas,Nelle.Amadas@yopmail.com,Nelle.Amadas@gmail.com,firefighter
548,Alexine,Hachmin,Alexine.Hachmin@yopmail.com,Alexine.Hachmin@gmail.com,doctor
549,Lily,Raychel,Lily.Raychel@yopmail.com,Lily.Raychel@gmail.com,firefighter
550,Berta,Herrera,Berta.Herrera@yopmail.com,Berta.Herrera@gmail.com,doctor
551,Kirbee,Ivens,Kirbee.Ivens@yopmail.com,Kirbee.Ivens@gmail.com,worker
552,Blake,Weide,Blake.Weide@yopmail.com,Blake.Weide@gmail.com,worker
553,Susette,Winnick,Susette.Winnick@yopmail.com,Susette.Winnick@gmail.com,developer
554,Odessa,Claudine,Odessa.Claudine@yopmail.com,Odessa.Claudine@gmail.com,doctor
555,Isa,Jefferey,Isa.Jefferey@yopmail.com,Isa.Jefferey@gmail.com,firefighter
556,Chandra,Dunkin,Chandra.Dunkin@yopmail.com,Chandra.Dunkin@gmail.com,police officer
557,Lynnea,Cavan,Lynnea.Cavan@yopmail.com,Lynnea.Cavan@gmail.com,firefighter
558,Corina,Amand,Corina.Amand@yopmail.com,Corina.Amand@gmail.com,firefighter
559,Patricia,Madelene,Patricia.Madelene@yopmail.com,Patricia.Madelene@gmail.com,firefighter
560,Pollyanna,Gino,Pollyanna.Gino@yopmail.com,Pollyanna.Gino@gmail.com,firefighter
561,Edith,Halla,Edith.Halla@yopmail.com,Edith.Halla@gmail.com,firefighter
562,Alisha,Bethany,Alisha.Bethany@yopmail.com,Alisha.Bethany@gmail.com,worker
563,Ariela,Penelopa,Ariela.Penelopa@yopmail.com,Ariela.Penelopa@gmail.com,developer
564,Dolli,Halsey,Dolli.Halsey@yopmail.com,Dolli.Halsey@gmail.com,police officer
565,Orsola,Kamaria,Orsola.Kamaria@yopmail.com,Orsola.Kamaria@gmail.com,worker
566,Wilma,Woodberry,Wilma.Woodberry@yopmail.com,Wilma.Woodberry@gmail.com,developer
567,Carmencita,Alva,Carmencita.Alva@yopmail.com,Carmencita.Alva@gmail.com,police officer
568,Miquela,Raychel,Miquela.Raychel@yopmail.com,Miquela.Raychel@gmail.com,developer
569,Alejandra,Sprage,Alejandra.Sprage@yopmail.com,Alejandra.Sprage@gmail.com,worker
570,Mureil,Cyrie,Mureil.Cyrie@yopmail.com,Mureil.Cyrie@gmail.com,police officer
571,Leontine,Heidt,Leontine.Heidt@yopmail.com,Leontine.Heidt@gmail.com,police officer
572,Tracey,Frendel,Tracey.Frendel@yopmail.com,Tracey.Frendel@gmail.com,police officer
573,Andeee,Voletta,Andeee.Voletta@yopmail.com,Andeee.Voletta@gmail.com,doctor
574,Meriel,Socha,Meriel.Socha@yopmail.com,Meriel.Socha@gmail.com,worker
575,Caritta,Manolo,Caritta.Manolo@yopmail.com,Caritta.Manolo@gmail.com,worker
576,Zondra,Bartlett,Zondra.Bartlett@yopmail.com,Zondra.Bartlett@gmail.com,worker
577,Merry,Neils,Merry.Neils@yopmail.com,Merry.Neils@gmail.com,developer
578,Binny,Hazlett,Binny.Hazlett@yopmail.com,Binny.Hazlett@gmail.com,firefighter
579,Donetta,Catie,Donetta.Catie@yopmail.com,Donetta.Catie@gmail.com,police officer
580,Teriann,Xerxes,Teriann.Xerxes@yopmail.com,Teriann.Xerxes@gmail.com,worker
581,June,Lane,June.Lane@yopmail.com,June.Lane@gmail.com,firefighter
582,Sheelagh,Orelee,Sheelagh.Orelee@yopmail.com,Sheelagh.Orelee@gmail.com,doctor
583,Patricia,Jillane,Patricia.Jillane@yopmail.com,Patricia.Jillane@gmail.com,police officer
584,Dotty,Janith,Dotty.Janith@yopmail.com,Dotty.Janith@gmail.com,developer
585,Selma,Mandler,Selma.Mandler@yopmail.com,Selma.Mandler@gmail.com,police officer
586,Halette,Hepsibah,Halette.Hepsibah@yopmail.com,Halette.Hepsibah@gmail.com,worker
587,Ermengarde,Maurine,Ermengarde.Maurine@yopmail.com,Ermengarde.Maurine@gmail.com,developer
588,Karolina,Thad,Karolina.Thad@yopmail.com,Karolina.Thad@gmail.com,police officer
589,Tonia,Cressida,Tonia.Cressida@yopmail.com,Tonia.Cressida@gmail.com,developer
590,Kore,Destinee,Kore.Destinee@yopmail.com,Kore.Destinee@gmail.com,worker
591,Lauryn,Artie,Lauryn.Artie@yopmail.com,Lauryn.Artie@gmail.com,firefighter
592,Tonia,Albertine,Tonia.Albertine@yopmail.com,Tonia.Albertine@gmail.com,developer
593,Jinny,Agle,Jinny.Agle@yopmail.com,Jinny.Agle@gmail.com,police officer
594,Aili,Natica,Aili.Natica@yopmail.com,Aili.Natica@gmail.com,worker
595,Carly,Cath,Carly.Cath@yopmail.com,Carly.Cath@gmail.com,firefighter
596,Regina,Bartlett,Regina.Bartlett@yopmail.com,Regina.Bartlett@gmail.com,developer
597,Max,Lay,Max.Lay@yopmail.com,Max.Lay@gmail.com,doctor
598,Bibby,Greyson,Bibby.Greyson@yopmail.com,Bibby.Greyson@gmail.com,doctor
599,Nadine,Wilona,Nadine.Wilona@yopmail.com,Nadine.Wilona@gmail.com,doctor
600,Janis,Mich,Janis.Mich@yopmail.com,Janis.Mich@gmail.com,police officer
601,Bernardine,Marcellus,Bernardine.Marcellus@yopmail.com,Bernardine.Marcellus@gmail.com,doctor
602,Nariko,Brandice,Nariko.Brandice@yopmail.com,Nariko.Brandice@gmail.com,firefighter
603,Thalia,Read,Thalia.Read@yopmail.com,Thalia.Read@gmail.com,doctor
604,Ellette,Connelly,Ellette.Connelly@yopmail.com,Ellette.Connelly@gmail.com,doctor
605,Lonnie,Robertson,Lonnie.Robertson@yopmail.com,Lonnie.Robertson@gmail.com,doctor
606,Katuscha,Hortensia,Katuscha.Hortensia@yopmail.com,Katuscha.Hortensia@gmail.com,doctor
607,Hyacinthe,Emerson,Hyacinthe.Emerson@yopmail.com,Hyacinthe.Emerson@gmail.com,worker
608,Vere,Candy,Vere.Candy@yopmail.com,Vere.Candy@gmail.com,police officer
609,Beth,Read,Beth.Read@yopmail.com,Beth.Read@gmail.com,doctor
610,Vere,Hortensia,Vere.Hortensia@yopmail.com,Vere.Hortensia@gmail.com,developer
611,Brynna,Tyson,Brynna.Tyson@yopmail.com,Brynna.Tyson@gmail.com,firefighter
612,Donetta,Merriott,Donetta.Merriott@yopmail.com,Donetta.Merriott@gmail.com,doctor
613,Bettine,Tjon,Bettine.Tjon@yopmail.com,Bettine.Tjon@gmail.com,doctor
614,Ileana,Ophelia,Ileana.Ophelia@yopmail.com,Ileana.Ophelia@gmail.com,doctor
615,Audrie,Elbertina,Audrie.Elbertina@yopmail.com,Audrie.Elbertina@gmail.com,worker
616,Darci,Pond,Darci.Pond@yopmail.com,Darci.Pond@gmail.com,doctor
617,Dyann,Wolfgram,Dyann.Wolfgram@yopmail.com,Dyann.Wolfgram@gmail.com,worker
618,Deane,Arvo,Deane.Arvo@yopmail.com,Deane.Arvo@gmail.com,worker
619,Winifred,Bashemeth,Winifred.Bashemeth@yopmail.com,Winifred.Bashemeth@gmail.com,police officer
620,Emelina,Bahr,Emelina.Bahr@yopmail.com,Emelina.Bahr@gmail.com,doctor
621,Shaine,Flyn,Shaine.Flyn@yopmail.com,Shaine.Flyn@gmail.com,doctor
622,Clementine,Shanley,Clementine.Shanley@yopmail.com,Clementine.Shanley@gmail.com,developer
623,Genevra,Standing,Genevra.Standing@yopmail.com,Genevra.Standing@gmail.com,police officer
624,Gilda,Sibyls,Gilda.Sibyls@yopmail.com,Gilda.Sibyls@gmail.com,developer
625,Christy,Hourigan,Christy.Hourigan@yopmail.com,Christy.Hourigan@gmail.com,doctor
626,Tori,Saint,Tori.Saint@yopmail.com,Tori.Saint@gmail.com,firefighter
627,Valera,Newell,Valera.Newell@yopmail.com,Valera.Newell@gmail.com,doctor
628,Agnese,Norrie,Agnese.Norrie@yopmail.com,Agnese.Norrie@gmail.com,developer
629,Karina,Dearborn,Karina.Dearborn@yopmail.com,Karina.Dearborn@gmail.com,firefighter
630,Ida,Arvo,Ida.Arvo@yopmail.com,Ida.Arvo@gmail.com,worker
631,Jinny,Capello,Jinny.Capello@yopmail.com,Jinny.Capello@gmail.com,doctor
632,Frank,Zola,Frank.Zola@yopmail.com,Frank.Zola@gmail.com,developer
633,Bibby,Schonfeld,Bibby.Schonfeld@yopmail.com,Bibby.Schonfeld@gmail.com,doctor
634,Vivia,Fadiman,Vivia.Fadiman@yopmail.com,Vivia.Fadiman@gmail.com,doctor
635,Sheree,Iiette,Sheree.Iiette@yopmail.com,Sheree.Iiette@gmail.com,worker
636,Darci,Havens,Darci.Havens@yopmail.com,Darci.Havens@gmail.com,developer
637,Dolli,Huggins,Dolli.Huggins@yopmail.com,Dolli.Huggins@gmail.com,firefighter
638,Modestia,Millda,Modestia.Millda@yopmail.com,Modestia.Millda@gmail.com,doctor
639,Perry,Hermes,Perry.Hermes@yopmail.com,Perry.Hermes@gmail.com,worker
640,Allyce,Suzetta,Allyce.Suzetta@yopmail.com,Allyce.Suzetta@gmail.com,developer
641,Talya,Berne,Talya.Berne@yopmail.com,Talya.Berne@gmail.com,doctor
642,Kylynn,Nelsen,Kylynn.Nelsen@yopmail.com,Kylynn.Nelsen@gmail.com,firefighter
643,Concettina,Baylor,Concettina.Baylor@yopmail.com,Concettina.Baylor@gmail.com,doctor
644,Constance,Berard,Constance.Berard@yopmail.com,Constance.Berard@gmail.com,worker
645,Zsa Zsa,Marden,Zsa Zsa.Marden@yopmail.com,Zsa Zsa.Marden@gmail.com,police officer
646,Linzy,Barbey,Linzy.Barbey@yopmail.com,Linzy.Barbey@gmail.com,developer
647,Latisha,Eckblad,Latisha.Eckblad@yopmail.com,Latisha.Eckblad@gmail.com,police officer
648,Violet,Grobe,Violet.Grobe@yopmail.com,Violet.Grobe@gmail.com,developer
649,Dianemarie,Dominy,Dianemarie.Dominy@yopmail.com,Dianemarie.Dominy@gmail.com,police officer
650,Britni,Cloris,Britni.Cloris@yopmail.com,Britni.Cloris@gmail.com,firefighter
651,Adelle,Cristi,Adelle.Cristi@yopmail.com,Adelle.Cristi@gmail.com,doctor
652,Dawn,Wind,Dawn.Wind@yopmail.com,Dawn.Wind@gmail.com,doctor
653,Dorthy,Vharat,Dorthy.Vharat@yopmail.com,Dorthy.Vharat@gmail.com,police officer
654,Florencia,Leonard,Florencia.Leonard@yopmail.com,Florencia.Leonard@gmail.com,worker
655,Stephanie,Morehouse,Stephanie.Morehouse@yopmail.com,Stephanie.Morehouse@gmail.com,worker
656,Giustina,Swigart,Giustina.Swigart@yopmail.com,Giustina.Swigart@gmail.com,police officer
657,Priscilla,Helve,Priscilla.Helve@yopmail.com,Priscilla.Helve@gmail.com,police officer
658,Monika,Magnolia,Monika.Magnolia@yopmail.com,Monika.Magnolia@gmail.com,worker
659,Babita,Roscoe,Babita.Roscoe@yopmail.com,Babita.Roscoe@gmail.com,doctor
660,Dode,Cloris,Dode.Cloris@yopmail.com,Dode.Cloris@gmail.com,firefighter
661,Codie,Grobe,Codie.Grobe@yopmail.com,Codie.Grobe@gmail.com,developer
662,Ellette,Charmine,Ellette.Charmine@yopmail.com,Ellette.Charmine@gmail.com,doctor
663,Carmela,Bohlin,Carmela.Bohlin@yopmail.com,Carmela.Bohlin@gmail.com,police officer
664,Allyce,Edmund,Allyce.Edmund@yopmail.com,Allyce.Edmund@gmail.com,police officer
665,Nikki,Ilka,Nikki.Ilka@yopmail.com,Nikki.Ilka@gmail.com,worker
666,Alameda,Lane,Alameda.Lane@yopmail.com,Alameda.Lane@gmail.com,police officer
667,Eve,Duwalt,Eve.Duwalt@yopmail.com,Eve.Duwalt@gmail.com,developer
668,Shauna,Mozelle,Shauna.Mozelle@yopmail.com,Shauna.Mozelle@gmail.com,doctor
669,Carly,Gladstone,Carly.Gladstone@yopmail.com,Carly.Gladstone@gmail.com,doctor
670,Lesly,Flyn,Lesly.Flyn@yopmail.com,Lesly.Flyn@gmail.com,firefighter
671,Magdalena,Mathilde,Magdalena.Mathilde@yopmail.com,Magdalena.Mathilde@gmail.com,firefighter
672,Gratia,Jillane,Gratia.Jillane@yopmail.com,Gratia.Jillane@gmail.com,worker
673,Pierette,Orpah,Pierette.Orpah@yopmail.com,Pierette.Orpah@gmail.com,firefighter
674,Carolina,Waldron,Carolina.Waldron@yopmail.com,Carolina.Waldron@gmail.com,worker
675,Anthia,Leonard,Anthia.Leonard@yopmail.com,Anthia.Leonard@gmail.com,police officer
676,Cassondra,Kristi,Cassondra.Kristi@yopmail.com,Cassondra.Kristi@gmail.com,police officer
677,Yvonne,Raychel,Yvonne.Raychel@yopmail.com,Yvonne.Raychel@gmail.com,firefighter
678,Gerianna,Pond,Gerianna.Pond@yopmail.com,Gerianna.Pond@gmail.com,doctor
679,Shandie,Amethist,Shandie.Amethist@yopmail.com,Shandie.Amethist@gmail.com,police officer
680,Devina,Ogren,Devina.Ogren@yopmail.com,Devina.Ogren@gmail.com,doctor
681,Phylis,Colleen,Phylis.Colleen@yopmail.com,Phylis.Colleen@gmail.com,police officer
682,Lolita,Chem,Lolita.Chem@yopmail.com,Lolita.Chem@gmail.com,firefighter
683,Brynna,Anselmi,Brynna.Anselmi@yopmail.com,Brynna.Anselmi@gmail.com,developer
684,Micheline,Stoller,Micheline.Stoller@yopmail.com,Micheline.Stoller@gmail.com,developer
685,Mahalia,Linskey,Mahalia.Linskey@yopmail.com,Mahalia.Linskey@gmail.com,firefighter
686,Letizia,Braun,Letizia.Braun@yopmail.com,Letizia.Braun@gmail.com,police officer
687,Cyndie,Salvidor,Cyndie.Salvidor@yopmail.com,Cyndie.Salvidor@gmail.com,firefighter
688,Alyssa,Silvan,Alyssa.Silvan@yopmail.com,Alyssa.Silvan@gmail.com,police officer
689,Feliza,Faso,Feliza.Faso@yopmail.com,Feliza.Faso@gmail.com,worker
690,Tina,LaRue,Tina.LaRue@yopmail.com,Tina.LaRue@gmail.com,developer
691,Evita,Monk,Evita.Monk@yopmail.com,Evita.Monk@gmail.com,developer
692,Anica,Muriel,Anica.Muriel@yopmail.com,Anica.Muriel@gmail.com,police officer
693,Ardeen,Byrne,Ardeen.Byrne@yopmail.com,Ardeen.Byrne@gmail.com,firefighter
694,Vinita,Darian,Vinita.Darian@yopmail.com,Vinita.Darian@gmail.com,worker
695,Jennica,Latini,Jennica.Latini@yopmail.com,Jennica.Latini@gmail.com,developer
696,Carolina,Yam,Carolina.Yam@yopmail.com,Carolina.Yam@gmail.com,worker
697,Lynnea,Verger,Lynnea.Verger@yopmail.com,Lynnea.Verger@gmail.com,firefighter
698,Karly,Lucienne,Karly.Lucienne@yopmail.com,Karly.Lucienne@gmail.com,police officer
699,Jennica,Forrer,Jennica.Forrer@yopmail.com,Jennica.Forrer@gmail.com,police officer
700,Alameda,Hourigan,Alameda.Hourigan@yopmail.com,Alameda.Hourigan@gmail.com,police officer
701,Maisey,Vastah,Maisey.Vastah@yopmail.com,Maisey.Vastah@gmail.com,doctor
702,Heddie,Idelia,Heddie.Idelia@yopmail.com,Heddie.Idelia@gmail.com,firefighter
703,Danika,Persse,Danika.Persse@yopmail.com,Danika.Persse@gmail.com,doctor
704,Willetta,Tiffa,Willetta.Tiffa@yopmail.com,Willetta.Tiffa@gmail.com,doctor
705,Asia,Christine,Asia.Christine@yopmail.com,Asia.Christine@gmail.com,worker
706,Delilah,Fancie,Delilah.Fancie@yopmail.com,Delilah.Fancie@gmail.com,police officer
707,Cristabel,Slifka,Cristabel.Slifka@yopmail.com,Cristabel.Slifka@gmail.com,firefighter
708,Annice,Lutero,Annice.Lutero@yopmail.com,Annice.Lutero@gmail.com,firefighter
709,Alyda,Ade,Alyda.Ade@yopmail.com,Alyda.Ade@gmail.com,worker
710,Doralynne,Sibyls,Doralynne.Sibyls@yopmail.com,Doralynne.Sibyls@gmail.com,worker
711,Marika,Center,Marika.Center@yopmail.com,Marika.Center@gmail.com,firefighter
712,Elsie,Marijo,Elsie.Marijo@yopmail.com,Elsie.Marijo@gmail.com,doctor
713,Ardenia,McCutcheon,Ardenia.McCutcheon@yopmail.com,Ardenia.McCutcheon@gmail.com,worker
714,Bettine,Sikorski,Bettine.Sikorski@yopmail.com,Bettine.Sikorski@gmail.com,worker
715,Janey,Shaddock,Janey.Shaddock@yopmail.com,Janey.Shaddock@gmail.com,worker
716,Diena,Boycey,Diena.Boycey@yopmail.com,Diena.Boycey@gmail.com,developer
717,Chere,Bethany,Chere.Bethany@yopmail.com,Chere.Bethany@gmail.com,firefighter
718,Heddie,Elo,Heddie.Elo@yopmail.com,Heddie.Elo@gmail.com,doctor
719,Annice,Armanda,Annice.Armanda@yopmail.com,Annice.Armanda@gmail.com,doctor
720,Glenda,Nicoline,Glenda.Nicoline@yopmail.com,Glenda.Nicoline@gmail.com,doctor
721,Florencia,Damarra,Florencia.Damarra@yopmail.com,Florencia.Damarra@gmail.com,police officer
722,Jemie,Abbot,Jemie.Abbot@yopmail.com,Jemie.Abbot@gmail.com,police officer
723,Sashenka,Emmy,Sashenka.Emmy@yopmail.com,Sashenka.Emmy@gmail.com,police officer
724,Brandise,Ade,Brandise.Ade@yopmail.com,Brandise.Ade@gmail.com,developer
725,Tina,Gladstone,Tina.Gladstone@yopmail.com,Tina.Gladstone@gmail.com,developer
726,Korrie,Adrienne,Korrie.Adrienne@yopmail.com,Korrie.Adrienne@gmail.com,police officer
727,Mariele,Maroney,Mariele.Maroney@yopmail.com,Mariele.Maroney@gmail.com,doctor
728,Goldie,Hull,Goldie.Hull@yopmail.com,Goldie.Hull@gmail.com,worker
729,Di,Juan,Di.Juan@yopmail.com,Di.Juan@gmail.com,developer
730,Hildegaard,Celestine,Hildegaard.Celestine@yopmail.com,Hildegaard.Celestine@gmail.com,doctor
731,Louella,Christine,Louella.Christine@yopmail.com,Louella.Christine@gmail.com,worker
732,Ebonee,Bahr,Ebonee.Bahr@yopmail.com,Ebonee.Bahr@gmail.com,police officer
733,Flo,Natica,Flo.Natica@yopmail.com,Flo.Natica@gmail.com,firefighter
734,Mariann,Garbe,Mariann.Garbe@yopmail.com,Mariann.Garbe@gmail.com,worker
735,Celene,Andrel,Celene.Andrel@yopmail.com,Celene.Andrel@gmail.com,doctor
736,Tressa,Chobot,Tressa.Chobot@yopmail.com,Tressa.Chobot@gmail.com,worker
737,Mady,Alva,Mady.Alva@yopmail.com,Mady.Alva@gmail.com,worker
738,Micheline,Hilbert,Micheline.Hilbert@yopmail.com,Micheline.Hilbert@gmail.com,developer
739,Kayla,Yate,Kayla.Yate@yopmail.com,Kayla.Yate@gmail.com,developer
740,Regina,Esmaria,Regina.Esmaria@yopmail.com,Regina.Esmaria@gmail.com,firefighter
741,Fawne,Joachim,Fawne.Joachim@yopmail.com,Fawne.Joachim@gmail.com,doctor
742,Myriam,Pettiford,Myriam.Pettiford@yopmail.com,Myriam.Pettiford@gmail.com,worker
743,Genovera,Baptlsta,Genovera.Baptlsta@yopmail.com,Genovera.Baptlsta@gmail.com,police officer
744,Hyacinthe,Killigrew,Hyacinthe.Killigrew@yopmail.com,Hyacinthe.Killigrew@gmail.com,developer
745,Fidelia,Clarissa,Fidelia.Clarissa@yopmail.com,Fidelia.Clarissa@gmail.com,police officer
746,Fayre,Darrell,Fayre.Darrell@yopmail.com,Fayre.Darrell@gmail.com,worker
747,Annabela,Justinn,Annabela.Justinn@yopmail.com,Annabela.Justinn@gmail.com,developer
748,Jinny,Lymann,Jinny.Lymann@yopmail.com,Jinny.Lymann@gmail.com,doctor
749,Ardeen,Levey,Ardeen.Levey@yopmail.com,Ardeen.Levey@gmail.com,doctor
750,Mariele,Kermit,Mariele.Kermit@yopmail.com,Mariele.Kermit@gmail.com,firefighter
751,Shell,Roarke,Shell.Roarke@yopmail.com,Shell.Roarke@gmail.com,worker
752,Rochette,Latini,Rochette.Latini@yopmail.com,Rochette.Latini@gmail.com,doctor
753,Cherrita,Claudine,Cherrita.Claudine@yopmail.com,Cherrita.Claudine@gmail.com,doctor
754,Janeczka,Kiyoshi,Janeczka.Kiyoshi@yopmail.com,Janeczka.Kiyoshi@gmail.com,police officer
755,Randa,Ardra,Randa.Ardra@yopmail.com,Randa.Ardra@gmail.com,worker
756,Margalo,Rustice,Margalo.Rustice@yopmail.com,Margalo.Rustice@gmail.com,developer
757,Mallory,Fadiman,Mallory.Fadiman@yopmail.com,Mallory.Fadiman@gmail.com,developer
758,Babita,Brieta,Babita.Brieta@yopmail.com,Babita.Brieta@gmail.com,worker
759,Phedra,Toni,Phedra.Toni@yopmail.com,Phedra.Toni@gmail.com,developer
760,Elvira,Yate,Elvira.Yate@yopmail.com,Elvira.Yate@gmail.com,police officer
761,Vere,Arley,Vere.Arley@yopmail.com,Vere.Arley@gmail.com,doctor
762,Lorne,Durware,Lorne.Durware@yopmail.com,Lorne.Durware@gmail.com,firefighter
763,Sharai,Maples,Sharai.Maples@yopmail.com,Sharai.Maples@gmail.com,developer
764,Aigneis,Alejoa,Aigneis.Alejoa@yopmail.com,Aigneis.Alejoa@gmail.com,worker
765,Stacey,Francene,Stacey.Francene@yopmail.com,Stacey.Francene@gmail.com,police officer
766,Roberta,Diogenes,Roberta.Diogenes@yopmail.com,Roberta.Diogenes@gmail.com,worker
767,Melisent,Ramona,Melisent.Ramona@yopmail.com,Melisent.Ramona@gmail.com,firefighter
768,Althea,Wenda,Althea.Wenda@yopmail.com,Althea.Wenda@gmail.com,worker
769,Wendi,Niles,Wendi.Niles@yopmail.com,Wendi.Niles@gmail.com,worker
770,Libbie,Berl,Libbie.Berl@yopmail.com,Libbie.Berl@gmail.com,police officer
771,Doralynne,Pearse,Doralynne.Pearse@yopmail.com,Doralynne.Pearse@gmail.com,developer
772,Rori,Monk,Rori.Monk@yopmail.com,Rori.Monk@gmail.com,police officer
773,Meriel,Thema,Meriel.Thema@yopmail.com,Meriel.Thema@gmail.com,developer
774,Janeczka,Iphlgenia,Janeczka.Iphlgenia@yopmail.com,Janeczka.Iphlgenia@gmail.com,doctor
775,Gerianna,Mozelle,Gerianna.Mozelle@yopmail.com,Gerianna.Mozelle@gmail.com,developer
776,Gloria,Seumas,Gloria.Seumas@yopmail.com,Gloria.Seumas@gmail.com,developer
777,Elbertina,Martguerita,Elbertina.Martguerita@yopmail.com,Elbertina.Martguerita@gmail.com,worker
778,Violet,Sperling,Violet.Sperling@yopmail.com,Violet.Sperling@gmail.com,doctor
779,Gianina,Oriana,Gianina.Oriana@yopmail.com,Gianina.Oriana@gmail.com,worker
780,Gratia,Sperling,Gratia.Sperling@yopmail.com,Gratia.Sperling@gmail.com,doctor
781,Tiffie,Buckler,Tiffie.Buckler@yopmail.com,Tiffie.Buckler@gmail.com,doctor
782,Sadie,Henebry,Sadie.Henebry@yopmail.com,Sadie.Henebry@gmail.com,worker
783,Vanessa,Tamar,Vanessa.Tamar@yopmail.com,Vanessa.Tamar@gmail.com,developer
784,Emylee,Gaulin,Emylee.Gaulin@yopmail.com,Emylee.Gaulin@gmail.com,worker
785,Alejandra,McCutcheon,Alejandra.McCutcheon@yopmail.com,Alejandra.McCutcheon@gmail.com,doctor
786,Margarette,Edee,Margarette.Edee@yopmail.com,Margarette.Edee@gmail.com,firefighter
787,Norine,Kress,Norine.Kress@yopmail.com,Norine.Kress@gmail.com,developer
788,Hermione,Kiyoshi,Hermione.Kiyoshi@yopmail.com,Hermione.Kiyoshi@gmail.com,doctor
789,Maurene,An,Maurene.An@yopmail.com,Maurene.An@gmail.com,doctor
790,Coral,Cornelia,Coral.Cornelia@yopmail.com,Coral.Cornelia@gmail.com,doctor
791,Caressa,Carolin,Caressa.Carolin@yopmail.com,Caressa.Carolin@gmail.com,doctor
792,Tabbatha,Tomasina,Tabbatha.Tomasina@yopmail.com,Tabbatha.Tomasina@gmail.com,doctor
793,Mathilda,Merna,Mathilda.Merna@yopmail.com,Mathilda.Merna@gmail.com,worker
794,Letizia,Corabella,Letizia.Corabella@yopmail.com,Letizia.Corabella@gmail.com,developer
795,Gavrielle,Katrine,Gavrielle.Katrine@yopmail.com,Gavrielle.Katrine@gmail.com,worker
796,Lelah,Stover,Lelah.Stover@yopmail.com,Lelah.Stover@gmail.com,worker
797,Ana,Vilma,Ana.Vilma@yopmail.com,Ana.Vilma@gmail.com,developer
798,Lorie,Hermes,Lorie.Hermes@yopmail.com,Lorie.Hermes@gmail.com,firefighter
799,Bernardine,Raama,Bernardine.Raama@yopmail.com,Bernardine.Raama@gmail.com,worker
800,Deane,Bronk,Deane.Bronk@yopmail.com,Deane.Bronk@gmail.com,worker
801,Bobbi,Ledah,Bobbi.Ledah@yopmail.com,Bobbi.Ledah@gmail.com,worker
802,Mireielle,Darrell,Mireielle.Darrell@yopmail.com,Mireielle.Darrell@gmail.com,police officer
803,Cecile,Garlinda,Cecile.Garlinda@yopmail.com,Cecile.Garlinda@gmail.com,firefighter
804,Aeriela,Weaks,Aeriela.Weaks@yopmail.com,Aeriela.Weaks@gmail.com,worker
805,Hope,Niccolo,Hope.Niccolo@yopmail.com,Hope.Niccolo@gmail.com,worker
806,Flo,Linskey,Flo.Linskey@yopmail.com,Flo.Linskey@gmail.com,firefighter
807,Lita,Dudley,Lita.Dudley@yopmail.com,Lita.Dudley@gmail.com,developer
808,Gilda,Dyche,Gilda.Dyche@yopmail.com,Gilda.Dyche@gmail.com,doctor
809,Kate,Toffic,Kate.Toffic@yopmail.com,Kate.Toffic@gmail.com,doctor
810,Kathi,Howlyn,Kathi.Howlyn@yopmail.com,Kathi.Howlyn@gmail.com,police officer
811,Ernesta,Stuart,Ernesta.Stuart@yopmail.com,Ernesta.Stuart@gmail.com,developer
812,Eadie,Gilbertson,Eadie.Gilbertson@yopmail.com,Eadie.Gilbertson@gmail.com,police officer
813,Elvira,Dannye,Elvira.Dannye@yopmail.com,Elvira.Dannye@gmail.com,developer
814,Janey,Stuart,Janey.Stuart@yopmail.com,Janey.Stuart@gmail.com,police officer
815,Hayley,Mitzi,Hayley.Mitzi@yopmail.com,Hayley.Mitzi@gmail.com,doctor
816,Britni,Alabaster,Britni.Alabaster@yopmail.com,Britni.Alabaster@gmail.com,worker
817,Shandie,Modie,Shandie.Modie@yopmail.com,Shandie.Modie@gmail.com,doctor
818,Corina,Drisko,Corina.Drisko@yopmail.com,Corina.Drisko@gmail.com,doctor
819,Elora,Beniamino,Elora.Beniamino@yopmail.com,Elora.Beniamino@gmail.com,police officer
820,Krystle,Meter,Krystle.Meter@yopmail.com,Krystle.Meter@gmail.com,developer
821,Carree,Plato,Carree.Plato@yopmail.com,Carree.Plato@gmail.com,developer
822,Charissa,Monk,Charissa.Monk@yopmail.com,Charissa.Monk@gmail.com,doctor
823,Cyndie,Hermes,Cyndie.Hermes@yopmail.com,Cyndie.Hermes@gmail.com,developer
824,Raquela,Rolf,Raquela.Rolf@yopmail.com,Raquela.Rolf@gmail.com,worker
825,Tori,Buttaro,Tori.Buttaro@yopmail.com,Tori.Buttaro@gmail.com,worker
826,Renie,Riordan,Renie.Riordan@yopmail.com,Renie.Riordan@gmail.com,police officer
827,Sheelagh,Scammon,Sheelagh.Scammon@yopmail.com,Sheelagh.Scammon@gmail.com,doctor
828,Luci,Callista,Luci.Callista@yopmail.com,Luci.Callista@gmail.com,developer
829,Philis,Gamaliel,Philis.Gamaliel@yopmail.com,Philis.Gamaliel@gmail.com,firefighter
830,Frieda,Shields,Frieda.Shields@yopmail.com,Frieda.Shields@gmail.com,firefighter
831,Madalyn,Michella,Madalyn.Michella@yopmail.com,Madalyn.Michella@gmail.com,doctor
832,Gratia,Geffner,Gratia.Geffner@yopmail.com,Gratia.Geffner@gmail.com,doctor
833,Andeee,Ulphia,Andeee.Ulphia@yopmail.com,Andeee.Ulphia@gmail.com,developer
834,Iseabal,Brotherson,Iseabal.Brotherson@yopmail.com,Iseabal.Brotherson@gmail.com,developer
835,Corene,Tamar,Corene.Tamar@yopmail.com,Corene.Tamar@gmail.com,police officer
836,Ashlee,Mullane,Ashlee.Mullane@yopmail.com,Ashlee.Mullane@gmail.com,worker
837,Ernesta,Brandice,Ernesta.Brandice@yopmail.com,Ernesta.Brandice@gmail.com,worker
838,Selma,Skell,Selma.Skell@yopmail.com,Selma.Skell@gmail.com,doctor
839,Shandie,Salvidor,Shandie.Salvidor@yopmail.com,Shandie.Salvidor@gmail.com,doctor
840,Shell,Gaynor,Shell.Gaynor@yopmail.com,Shell.Gaynor@gmail.com,doctor
841,Catrina,Rustice,Catrina.Rustice@yopmail.com,Catrina.Rustice@gmail.com,worker
842,Monika,Redmond,Monika.Redmond@yopmail.com,Monika.Redmond@gmail.com,firefighter
843,Sandie,Dawkins,Sandie.Dawkins@yopmail.com,Sandie.Dawkins@gmail.com,worker
844,Hope,Francene,Hope.Francene@yopmail.com,Hope.Francene@gmail.com,worker
845,Dagmar,Dyche,Dagmar.Dyche@yopmail.com,Dagmar.Dyche@gmail.com,developer
846,Pamella,Ries,Pamella.Ries@yopmail.com,Pamella.Ries@gmail.com,developer
847,Jemie,Rudolph,Jemie.Rudolph@yopmail.com,Jemie.Rudolph@gmail.com,developer
848,Janenna,Rocray,Janenna.Rocray@yopmail.com,Janenna.Rocray@gmail.com,doctor
849,Jenilee,Heidt,Jenilee.Heidt@yopmail.com,Jenilee.Heidt@gmail.com,worker
850,Caressa,Zuzana,Caressa.Zuzana@yopmail.com,Caressa.Zuzana@gmail.com,worker
851,Christy,Trace,Christy.Trace@yopmail.com,Christy.Trace@gmail.com,doctor
852,Georgetta,Tatianas,Georgetta.Tatianas@yopmail.com,Georgetta.Tatianas@gmail.com,worker
853,Laurene,Cornelia,Laurene.Cornelia@yopmail.com,Laurene.Cornelia@gmail.com,doctor
854,Starla,Hanleigh,Starla.Hanleigh@yopmail.com,Starla.Hanleigh@gmail.com,doctor
855,Morganica,Keelia,Morganica.Keelia@yopmail.com,Morganica.Keelia@gmail.com,firefighter
856,Shauna,Candy,Shauna.Candy@yopmail.com,Shauna.Candy@gmail.com,doctor
857,Alex,Chesna,Alex.Chesna@yopmail.com,Alex.Chesna@gmail.com,firefighter
858,Oona,Lail,Oona.Lail@yopmail.com,Oona.Lail@gmail.com,police officer
859,Dorice,Aurelio,Dorice.Aurelio@yopmail.com,Dorice.Aurelio@gmail.com,worker
860,Natka,Roche,Natka.Roche@yopmail.com,Natka.Roche@gmail.com,developer
861,Oralee,Greyson,Oralee.Greyson@yopmail.com,Oralee.Greyson@gmail.com,firefighter
862,Minda,Lutero,Minda.Lutero@yopmail.com,Minda.Lutero@gmail.com,worker
863,Gertrud,Raama,Gertrud.Raama@yopmail.com,Gertrud.Raama@gmail.com,developer
864,Gavrielle,Dichy,Gavrielle.Dichy@yopmail.com,Gavrielle.Dichy@gmail.com,worker
865,Shirlee,Goerke,Shirlee.Goerke@yopmail.com,Shirlee.Goerke@gmail.com,firefighter
866,Marjie,Gregrory,Marjie.Gregrory@yopmail.com,Marjie.Gregrory@gmail.com,developer
867,Dione,Huggins,Dione.Huggins@yopmail.com,Dione.Huggins@gmail.com,police officer
868,Rubie,Corilla,Rubie.Corilla@yopmail.com,Rubie.Corilla@gmail.com,doctor
869,Renie,Drisko,Renie.Drisko@yopmail.com,Renie.Drisko@gmail.com,worker
870,Kore,Terrence,Kore.Terrence@yopmail.com,Kore.Terrence@gmail.com,doctor
871,Charmaine,Madelene,Charmaine.Madelene@yopmail.com,Charmaine.Madelene@gmail.com,firefighter
872,Sharlene,Dahlia,Sharlene.Dahlia@yopmail.com,Sharlene.Dahlia@gmail.com,police officer
873,Corry,Euridice,Corry.Euridice@yopmail.com,Corry.Euridice@gmail.com,developer
874,Sallie,Noelyn,Sallie.Noelyn@yopmail.com,Sallie.Noelyn@gmail.com,police officer
875,Thalia,Kellby,Thalia.Kellby@yopmail.com,Thalia.Kellby@gmail.com,developer
876,Dulce,Mata,Dulce.Mata@yopmail.com,Dulce.Mata@gmail.com,doctor
877,Dulcinea,Talia,Dulcinea.Talia@yopmail.com,Dulcinea.Talia@gmail.com,doctor
878,Dulcinea,Gaynor,Dulcinea.Gaynor@yopmail.com,Dulcinea.Gaynor@gmail.com,doctor
879,Moyna,Larochelle,Moyna.Larochelle@yopmail.com,Moyna.Larochelle@gmail.com,police officer
880,Tamqrah,McNully,Tamqrah.McNully@yopmail.com,Tamqrah.McNully@gmail.com,worker
881,Konstance,Brodench,Konstance.Brodench@yopmail.com,Konstance.Brodench@gmail.com,doctor
882,Elise,Dorcy,Elise.Dorcy@yopmail.com,Elise.Dorcy@gmail.com,firefighter
883,Carmencita,Scammon,Carmencita.Scammon@yopmail.com,Carmencita.Scammon@gmail.com,doctor
884,Heddie,Gusella,Heddie.Gusella@yopmail.com,Heddie.Gusella@gmail.com,firefighter
885,Dari,Constancy,Dari.Constancy@yopmail.com,Dari.Constancy@gmail.com,firefighter
886,Shaylyn,Burkle,Shaylyn.Burkle@yopmail.com,Shaylyn.Burkle@gmail.com,doctor
887,Nerta,Eno,Nerta.Eno@yopmail.com,Nerta.Eno@gmail.com,doctor
888,Rochette,Anastatius,Rochette.Anastatius@yopmail.com,Rochette.Anastatius@gmail.com,doctor
889,Lonnie,Bearnard,Lonnie.Bearnard@yopmail.com,Lonnie.Bearnard@gmail.com,firefighter
890,Letizia,Tyson,Letizia.Tyson@yopmail.com,Letizia.Tyson@gmail.com,doctor
891,Pamella,Schenck,Pamella.Schenck@yopmail.com,Pamella.Schenck@gmail.com,developer
892,Evita,Horan,Evita.Horan@yopmail.com,Evita.Horan@gmail.com,developer
893,Ermengarde,Mallon,Ermengarde.Mallon@yopmail.com,Ermengarde.Mallon@gmail.com,worker
894,Cissiee,Kaja,Cissiee.Kaja@yopmail.com,Cissiee.Kaja@gmail.com,doctor
895,Ketti,Franza,Ketti.Franza@yopmail.com,Ketti.Franza@gmail.com,worker
896,Lanae,Hillel,Lanae.Hillel@yopmail.com,Lanae.Hillel@gmail.com,worker
897,Tabbatha,Sawtelle,Tabbatha.Sawtelle@yopmail.com,Tabbatha.Sawtelle@gmail.com,developer
898,Rosabelle,Leifeste,Rosabelle.Leifeste@yopmail.com,Rosabelle.Leifeste@gmail.com,worker
899,Chrystel,Byrne,Chrystel.Byrne@yopmail.com,Chrystel.Byrne@gmail.com,firefighter
900,Leontine,Ashely,Leontine.Ashely@yopmail.com,Leontine.Ashely@gmail.com,developer
901,Angelique,Roscoe,Angelique.Roscoe@yopmail.com,Angelique.Roscoe@gmail.com,worker
902,Claresta,Dituri,Claresta.Dituri@yopmail.com,Claresta.Dituri@gmail.com,police officer
903,Dominga,Kaete,Dominga.Kaete@yopmail.com,Dominga.Kaete@gmail.com,worker
904,Jacquetta,Stoller,Jacquetta.Stoller@yopmail.com,Jacquetta.Stoller@gmail.com,police officer
905,Sheree,Maribeth,Sheree.Maribeth@yopmail.com,Sheree.Maribeth@gmail.com,doctor
906,Genovera,Ivens,Genovera.Ivens@yopmail.com,Genovera.Ivens@gmail.com,police officer
907,Marnia,Louanna,Marnia.Louanna@yopmail.com,Marnia.Louanna@gmail.com,developer
908,Emelina,Ammann,Emelina.Ammann@yopmail.com,Emelina.Ammann@gmail.com,worker
909,Lacie,Gamaliel,Lacie.Gamaliel@yopmail.com,Lacie.Gamaliel@gmail.com,doctor
910,Robinia,Lenny,Robinia.Lenny@yopmail.com,Robinia.Lenny@gmail.com,developer
911,Beatriz,Mott,Beatriz.Mott@yopmail.com,Beatriz.Mott@gmail.com,doctor
912,Cristine,Gerge,Cristine.Gerge@yopmail.com,Cristine.Gerge@gmail.com,firefighter
913,Dagmar,Danby,Dagmar.Danby@yopmail.com,Dagmar.Danby@gmail.com,worker
914,Henriette,Pond,Henriette.Pond@yopmail.com,Henriette.Pond@gmail.com,doctor
915,Minda,Ummersen,Minda.Ummersen@yopmail.com,Minda.Ummersen@gmail.com,worker
916,Clementine,Erlandson,Clementine.Erlandson@yopmail.com,Clementine.Erlandson@gmail.com,doctor
917,Annecorinne,Skell,Annecorinne.Skell@yopmail.com,Annecorinne.Skell@gmail.com,firefighter
918,Carmencita,Hamil,Carmencita.Hamil@yopmail.com,Carmencita.Hamil@gmail.com,doctor
919,Tera,Rosalba,Tera.Rosalba@yopmail.com,Tera.Rosalba@gmail.com,police officer
920,Juliane,Eno,Juliane.Eno@yopmail.com,Juliane.Eno@gmail.com,firefighter
921,Andeee,Cottle,Andeee.Cottle@yopmail.com,Andeee.Cottle@gmail.com,doctor
922,Anallese,Granoff,Anallese.Granoff@yopmail.com,Anallese.Granoff@gmail.com,worker
923,Mary,Sammons,Mary.Sammons@yopmail.com,Mary.Sammons@gmail.com,firefighter
924,Aubrie,Sacken,Aubrie.Sacken@yopmail.com,Aubrie.Sacken@gmail.com,police officer
925,Gloria,Maples,Gloria.Maples@yopmail.com,Gloria.Maples@gmail.com,doctor
926,Brooks,Anton,Brooks.Anton@yopmail.com,Brooks.Anton@gmail.com,worker
927,Wynne,Quinn,Wynne.Quinn@yopmail.com,Wynne.Quinn@gmail.com,doctor
928,Cassondra,Mozelle,Cassondra.Mozelle@yopmail.com,Cassondra.Mozelle@gmail.com,developer
929,Lilith,Sikorski,Lilith.Sikorski@yopmail.com,Lilith.Sikorski@gmail.com,firefighter
930,Marcelline,Carolin,Marcelline.Carolin@yopmail.com,Marcelline.Carolin@gmail.com,police officer
931,Nita,Calhoun,Nita.Calhoun@yopmail.com,Nita.Calhoun@gmail.com,police officer
932,Roz,Anselmi,Roz.Anselmi@yopmail.com,Roz.Anselmi@gmail.com,doctor
933,Jenilee,Clarissa,Jenilee.Clarissa@yopmail.com,Jenilee.Clarissa@gmail.com,firefighter
934,Jacenta,Longfellow,Jacenta.Longfellow@yopmail.com,Jacenta.Longfellow@gmail.com,doctor
935,Aeriela,Moina,Aeriela.Moina@yopmail.com,Aeriela.Moina@gmail.com,developer
936,Tatiania,Docilla,Tatiania.Docilla@yopmail.com,Tatiania.Docilla@gmail.com,worker
937,Candi,Lowry,Candi.Lowry@yopmail.com,Candi.Lowry@gmail.com,police officer
938,Roslyn,Karylin,Roslyn.Karylin@yopmail.com,Roslyn.Karylin@gmail.com,police officer
939,Maye,Tryck,Maye.Tryck@yopmail.com,Maye.Tryck@gmail.com,developer
940,Rhea,Torray,Rhea.Torray@yopmail.com,Rhea.Torray@gmail.com,doctor
941,Raf,Buttaro,Raf.Buttaro@yopmail.com,Raf.Buttaro@gmail.com,police officer
942,Magdalena,Arathorn,Magdalena.Arathorn@yopmail.com,Magdalena.Arathorn@gmail.com,developer
943,Alie,Ax,Alie.Ax@yopmail.com,Alie.Ax@gmail.com,firefighter
944,Maridel,Llovera,Maridel.Llovera@yopmail.com,Maridel.Llovera@gmail.com,developer
945,Di,Allare,Di.Allare@yopmail.com,Di.Allare@gmail.com,firefighter
946,Rosanne,Dearborn,Rosanne.Dearborn@yopmail.com,Rosanne.Dearborn@gmail.com,police officer
947,Rhoda,Hunfredo,Rhoda.Hunfredo@yopmail.com,Rhoda.Hunfredo@gmail.com,developer
948,Claresta,Kirbee,Claresta.Kirbee@yopmail.com,Claresta.Kirbee@gmail.com,developer
949,Correy,Jotham,Correy.Jotham@yopmail.com,Correy.Jotham@gmail.com,doctor
950,Ericka,Zenas,Ericka.Zenas@yopmail.com,Ericka.Zenas@gmail.com,worker
951,Constance,Schwejda,Constance.Schwejda@yopmail.com,Constance.Schwejda@gmail.com,police officer
952,Nataline,Warthman,Nataline.Warthman@yopmail.com,Nataline.Warthman@gmail.com,developer
953,Demetris,Tryck,Demetris.Tryck@yopmail.com,Demetris.Tryck@gmail.com,firefighter
954,Joy,Devlen,Joy.Devlen@yopmail.com,Joy.Devlen@gmail.com,firefighter
955,Madelle,Charmine,Madelle.Charmine@yopmail.com,Madelle.Charmine@gmail.com,police officer
956,Rebeca,Swanhildas,Rebeca.Swanhildas@yopmail.com,Rebeca.Swanhildas@gmail.com,doctor
957,Viki,Karylin,Viki.Karylin@yopmail.com,Viki.Karylin@gmail.com,police officer
958,Arlina,Maurine,Arlina.Maurine@yopmail.com,Arlina.Maurine@gmail.com,police officer
959,Jillayne,Michella,Jillayne.Michella@yopmail.com,Jillayne.Michella@gmail.com,police officer
960,Shandie,Sprage,Shandie.Sprage@yopmail.com,Shandie.Sprage@gmail.com,doctor
961,Devina,Penelopa,Devina.Penelopa@yopmail.com,Devina.Penelopa@gmail.com,firefighter
962,Goldie,Lilas,Goldie.Lilas@yopmail.com,Goldie.Lilas@gmail.com,doctor
963,Teddie,Charity,Teddie.Charity@yopmail.com,Teddie.Charity@gmail.com,developer
964,Cacilie,Dyche,Cacilie.Dyche@yopmail.com,Cacilie.Dyche@gmail.com,firefighter
965,Gale,Riva,Gale.Riva@yopmail.com,Gale.Riva@gmail.com,police officer
966,Diena,Fulmer,Diena.Fulmer@yopmail.com,Diena.Fulmer@gmail.com,developer
967,Silvana,Pandolfi,Silvana.Pandolfi@yopmail.com,Silvana.Pandolfi@gmail.com,doctor
968,Gwyneth,Zenas,Gwyneth.Zenas@yopmail.com,Gwyneth.Zenas@gmail.com,police officer
969,Devina,Belanger,Devina.Belanger@yopmail.com,Devina.Belanger@gmail.com,firefighter
970,Etta,Jacobah,Etta.Jacobah@yopmail.com,Etta.Jacobah@gmail.com,worker
971,Kimberley,Yam,Kimberley.Yam@yopmail.com,Kimberley.Yam@gmail.com,doctor
972,Claudina,Olympium,Claudina.Olympium@yopmail.com,Claudina.Olympium@gmail.com,doctor
973,Lusa,Sophronia,Lusa.Sophronia@yopmail.com,Lusa.Sophronia@gmail.com,developer
974,Deedee,Lynn,Deedee.Lynn@yopmail.com,Deedee.Lynn@gmail.com,firefighter
975,Tamqrah,Rosalba,Tamqrah.Rosalba@yopmail.com,Tamqrah.Rosalba@gmail.com,police officer
976,Cissiee,Dudley,Cissiee.Dudley@yopmail.com,Cissiee.Dudley@gmail.com,police officer
977,Dennie,Carlson,Dennie.Carlson@yopmail.com,Dennie.Carlson@gmail.com,police officer
978,Cassandra,Gavrila,Cassandra.Gavrila@yopmail.com,Cassandra.Gavrila@gmail.com,doctor
979,Jordan,Gaal,Jordan.Gaal@yopmail.com,Jordan.Gaal@gmail.com,doctor
980,Barbara,Sasnett,Barbara.Sasnett@yopmail.com,Barbara.Sasnett@gmail.com,doctor
981,Darci,Ax,Darci.Ax@yopmail.com,Darci.Ax@gmail.com,worker
982,Margette,Francyne,Margette.Francyne@yopmail.com,Margette.Francyne@gmail.com,developer
983,Tabbatha,Buffum,Tabbatha.Buffum@yopmail.com,Tabbatha.Buffum@gmail.com,doctor
984,Jan,Socha,Jan.Socha@yopmail.com,Jan.Socha@gmail.com,firefighter
985,Sharlene,Fulmer,Sharlene.Fulmer@yopmail.com,Sharlene.Fulmer@gmail.com,doctor
986,Heddie,Casimir,Heddie.Casimir@yopmail.com,Heddie.Casimir@gmail.com,police officer
987,Dotty,Hanshaw,Dotty.Hanshaw@yopmail.com,Dotty.Hanshaw@gmail.com,police officer
988,Maye,Hunfredo,Maye.Hunfredo@yopmail.com,Maye.Hunfredo@gmail.com,doctor
989,Dorothy,Phyllis,Dorothy.Phyllis@yopmail.com,Dorothy.Phyllis@gmail.com,doctor
990,Carmencita,Wandie,Carmencita.Wandie@yopmail.com,Carmencita.Wandie@gmail.com,doctor
991,Liana,Mata,Liana.Mata@yopmail.com,Liana.Mata@gmail.com,worker
992,Lindie,Curren,Lindie.Curren@yopmail.com,Lindie.Curren@gmail.com,firefighter
993,Sandie,Ralfston,Sandie.Ralfston@yopmail.com,Sandie.Ralfston@gmail.com,worker
994,Dorothy,Strephon,Dorothy.Strephon@yopmail.com,Dorothy.Strephon@gmail.com,developer
995,Mildrid,Bultman,Mildrid.Bultman@yopmail.com,Mildrid.Bultman@gmail.com,doctor
996,Bill,Thema,Bill.Thema@yopmail.com,Bill.Thema@gmail.com,developer
997,Rebeca,Pierette,Rebeca.Pierette@yopmail.com,Rebeca.Pierette@gmail.com,developer
998,Georgina,Bandeen,Georgina.Bandeen@yopmail.com,Georgina.Bandeen@gmail.com,firefighter
999,Catharine,Tybald,Catharine.Tybald@yopmail.com,Catharine.Tybald@gmail.com,doctor
1000,Sadie,Ummersen,Sadie.Ummersen@yopmail.com,Sadie.Ummersen@gmail.com,doctor
1001,Kristina,Papageno,Kristina.Papageno@yopmail.com,Kristina.Papageno@gmail.com,worker
1002,Codie,Desai,Codie.Desai@yopmail.com,Codie.Desai@gmail.com,police officer
1003,Mathilda,Nester,Mathilda.Nester@yopmail.com,Mathilda.Nester@gmail.com,developer
1004,Corry,Flyn,Corry.Flyn@yopmail.com,Corry.Flyn@gmail.com,police officer
1005,Mara,Bebe,Mara.Bebe@yopmail.com,Mara.Bebe@gmail.com,doctor
1006,Stacey,Evvie,Stacey.Evvie@yopmail.com,Stacey.Evvie@gmail.com,police officer
1007,Kellen,Henebry,Kellen.Henebry@yopmail.com,Kellen.Henebry@gmail.com,doctor
1008,Marsiella,Bluh,Marsiella.Bluh@yopmail.com,Marsiella.Bluh@gmail.com,developer
1009,Kore,Vilma,Kore.Vilma@yopmail.com,Kore.Vilma@gmail.com,police officer
1010,Gui,Rubie,Gui.Rubie@yopmail.com,Gui.Rubie@gmail.com,firefighter
1011,Vevay,Kunin,Vevay.Kunin@yopmail.com,Vevay.Kunin@gmail.com,police officer
1012,Maryellen,Si,Maryellen.Si@yopmail.com,Maryellen.Si@gmail.com,police officer
1013,Teddie,Standing,Teddie.Standing@yopmail.com,Teddie.Standing@gmail.com,doctor
1014,Viviene,Stuart,Viviene.Stuart@yopmail.com,Viviene.Stuart@gmail.com,worker
1015,Aeriela,Markman,Aeriela.Markman@yopmail.com,Aeriela.Markman@gmail.com,developer
1016,Meghann,Franza,Meghann.Franza@yopmail.com,Meghann.Franza@gmail.com,firefighter
1017,Edyth,Rese,Edyth.Rese@yopmail.com,Edyth.Rese@gmail.com,doctor
1018,Vita,Sisile,Vita.Sisile@yopmail.com,Vita.Sisile@gmail.com,doctor
1019,Ardenia,Saree,Ardenia.Saree@yopmail.com,Ardenia.Saree@gmail.com,worker
1020,Danika,Rese,Danika.Rese@yopmail.com,Danika.Rese@gmail.com,doctor
1021,Ariela,Aida,Ariela.Aida@yopmail.com,Ariela.Aida@gmail.com,doctor
1022,Catharine,Christal,Catharine.Christal@yopmail.com,Catharine.Christal@gmail.com,developer
1023,Dode,Kalinda,Dode.Kalinda@yopmail.com,Dode.Kalinda@gmail.com,doctor
1024,Lorne,Cressida,Lorne.Cressida@yopmail.com,Lorne.Cressida@gmail.com,worker
1025,Carolina,Mike,Carolina.Mike@yopmail.com,Carolina.Mike@gmail.com,doctor
1026,Alyssa,Marisa,Alyssa.Marisa@yopmail.com,Alyssa.Marisa@gmail.com,police officer
1027,Clementine,Vary,Clementine.Vary@yopmail.com,Clementine.Vary@gmail.com,doctor
1028,Drucie,Yusuk,Drucie.Yusuk@yopmail.com,Drucie.Yusuk@gmail.com,doctor
1029,Bernardine,Dulciana,Bernardine.Dulciana@yopmail.com,Bernardine.Dulciana@gmail.com,police officer
1030,Lanae,Hertzfeld,Lanae.Hertzfeld@yopmail.com,Lanae.Hertzfeld@gmail.com,developer
1031,Christy,Marijo,Christy.Marijo@yopmail.com,Christy.Marijo@gmail.com,developer
1032,Joleen,Flita,Joleen.Flita@yopmail.com,Joleen.Flita@gmail.com,firefighter
1033,Melanie,Lowry,Melanie.Lowry@yopmail.com,Melanie.Lowry@gmail.com,worker
1034,Gabriellia,Ade,Gabriellia.Ade@yopmail.com,Gabriellia.Ade@gmail.com,firefighter
1035,Jemie,Erb,Jemie.Erb@yopmail.com,Jemie.Erb@gmail.com,worker
1036,Coral,Pip,Coral.Pip@yopmail.com,Coral.Pip@gmail.com,worker
1037,Melisent,Radu,Melisent.Radu@yopmail.com,Melisent.Radu@gmail.com,developer
1038,Deane,Jefferey,Deane.Jefferey@yopmail.com,Deane.Jefferey@gmail.com,police officer
1039,Kathi,Barney,Kathi.Barney@yopmail.com,Kathi.Barney@gmail.com,doctor
1040,Tomasina,Andrel,Tomasina.Andrel@yopmail.com,Tomasina.Andrel@gmail.com,developer
1041,Ottilie,McNully,Ottilie.McNully@yopmail.com,Ottilie.McNully@gmail.com,firefighter
1042,Clementine,Avi,Clementine.Avi@yopmail.com,Clementine.Avi@gmail.com,police officer
1043,Mathilda,Palocz,Mathilda.Palocz@yopmail.com,Mathilda.Palocz@gmail.com,firefighter
1044,Nannie,Nikaniki,Nannie.Nikaniki@yopmail.com,Nannie.Nikaniki@gmail.com,developer
1045,Cristine,Tound,Cristine.Tound@yopmail.com,Cristine.Tound@gmail.com,police officer
1046,Kristan,Grayce,Kristan.Grayce@yopmail.com,Kristan.Grayce@gmail.com,developer
1047,Orsola,Tayib,Orsola.Tayib@yopmail.com,Orsola.Tayib@gmail.com,firefighter
1048,Sheree,Waite,Sheree.Waite@yopmail.com,Sheree.Waite@gmail.com,doctor
1049,Katuscha,Holtz,Katuscha.Holtz@yopmail.com,Katuscha.Holtz@gmail.com,police officer
1050,Vita,My,Vita.My@yopmail.com,Vita.My@gmail.com,worker
1051,Dacia,Jena,Dacia.Jena@yopmail.com,Dacia.Jena@gmail.com,police officer
1052,Sue,Blase,Sue.Blase@yopmail.com,Sue.Blase@gmail.com,worker
1053,Rochette,Katrine,Rochette.Katrine@yopmail.com,Rochette.Katrine@gmail.com,firefighter
1054,Sophia,Podvin,Sophia.Podvin@yopmail.com,Sophia.Podvin@gmail.com,doctor
1055,Hallie,Alejoa,Hallie.Alejoa@yopmail.com,Hallie.Alejoa@gmail.com,firefighter
1056,Gilligan,Lucienne,Gilligan.Lucienne@yopmail.com,Gilligan.Lucienne@gmail.com,doctor
1057,Anica,Doig,Anica.Doig@yopmail.com,Anica.Doig@gmail.com,developer
1058,Anestassia,Ochs,Anestassia.Ochs@yopmail.com,Anestassia.Ochs@gmail.com,police officer
1059,Bernardine,Hunfredo,Bernardine.Hunfredo@yopmail.com,Bernardine.Hunfredo@gmail.com,worker
1060,Chere,Pernick,Chere.Pernick@yopmail.com,Chere.Pernick@gmail.com,firefighter
1061,Ayn,Isidore,Ayn.Isidore@yopmail.com,Ayn.Isidore@gmail.com,police officer
1062,Nerta,Laurianne,Nerta.Laurianne@yopmail.com,Nerta.Laurianne@gmail.com,police officer
1063,Elbertina,Hachmin,Elbertina.Hachmin@yopmail.com,Elbertina.Hachmin@gmail.com,doctor
1064,Ronna,Gombach,Ronna.Gombach@yopmail.com,Ronna.Gombach@gmail.com,firefighter
1065,Sheelagh,Erich,Sheelagh.Erich@yopmail.com,Sheelagh.Erich@gmail.com,doctor
1066,Ivett,Voletta,Ivett.Voletta@yopmail.com,Ivett.Voletta@gmail.com,doctor
1067,Verla,Ursulette,Verla.Ursulette@yopmail.com,Verla.Ursulette@gmail.com,police officer
1068,Joceline,Ellerey,Joceline.Ellerey@yopmail.com,Joceline.Ellerey@gmail.com,doctor
1069,Rubie,Standing,Rubie.Standing@yopmail.com,Rubie.Standing@gmail.com,worker
1070,Ernesta,Hepsibah,Ernesta.Hepsibah@yopmail.com,Ernesta.Hepsibah@gmail.com,doctor
1071,Korrie,Havens,Korrie.Havens@yopmail.com,Korrie.Havens@gmail.com,developer
1072,Kelly,Guildroy,Kelly.Guildroy@yopmail.com,Kelly.Guildroy@gmail.com,worker
1073,Eugine,Ammann,Eugine.Ammann@yopmail.com,Eugine.Ammann@gmail.com,doctor
1074,Kimberley,Macey,Kimberley.Macey@yopmail.com,Kimberley.Macey@gmail.com,developer
1075,Verla,Abram,Verla.Abram@yopmail.com,Verla.Abram@gmail.com,police officer
1076,Chrystel,Linehan,Chrystel.Linehan@yopmail.com,Chrystel.Linehan@gmail.com,worker
1077,Shel,Daniele,Shel.Daniele@yopmail.com,Shel.Daniele@gmail.com,developer
1078,Alyda,Fosque,Alyda.Fosque@yopmail.com,Alyda.Fosque@gmail.com,firefighter
1079,Robinia,Calhoun,Robinia.Calhoun@yopmail.com,Robinia.Calhoun@gmail.com,doctor
1080,Desirae,Mendez,Desirae.Mendez@yopmail.com,Desirae.Mendez@gmail.com,worker
1081,Roslyn,Vary,Roslyn.Vary@yopmail.com,Roslyn.Vary@gmail.com,worker
1082,Lusa,Ader,Lusa.Ader@yopmail.com,Lusa.Ader@gmail.com,firefighter
1083,Sophia,Helve,Sophia.Helve@yopmail.com,Sophia.Helve@gmail.com,doctor
1084,Imojean,Pyle,Imojean.Pyle@yopmail.com,Imojean.Pyle@gmail.com,firefighter
1085,Wilma,Buffum,Wilma.Buffum@yopmail.com,Wilma.Buffum@gmail.com,police officer
1086,Siana,Chrystel,Siana.Chrystel@yopmail.com,Siana.Chrystel@gmail.com,police officer
1087,Kial,Cornelia,Kial.Cornelia@yopmail.com,Kial.Cornelia@gmail.com,firefighter
1088,Alyda,Glovsky,Alyda.Glovsky@yopmail.com,Alyda.Glovsky@gmail.com,firefighter
1089,Cristine,Shaddock,Cristine.Shaddock@yopmail.com,Cristine.Shaddock@gmail.com,firefighter
1090,Heida,Faust,Heida.Faust@yopmail.com,Heida.Faust@gmail.com,firefighter
1091,Olivette,Odysseus,Olivette.Odysseus@yopmail.com,Olivette.Odysseus@gmail.com,doctor
1092,Di,Lamoree,Di.Lamoree@yopmail.com,Di.Lamoree@gmail.com,worker
1093,Tera,Aloise,Tera.Aloise@yopmail.com,Tera.Aloise@gmail.com,firefighter
1094,Dennie,Glovsky,Dennie.Glovsky@yopmail.com,Dennie.Glovsky@gmail.com,developer
1095,Viviene,Teddman,Viviene.Teddman@yopmail.com,Viviene.Teddman@gmail.com,police officer
1096,Tori,Whiffen,Tori.Whiffen@yopmail.com,Tori.Whiffen@gmail.com,worker
1097,Rhoda,Syd,Rhoda.Syd@yopmail.com,Rhoda.Syd@gmail.com,police officer
1098,Florencia,Elephus,Florencia.Elephus@yopmail.com,Florencia.Elephus@gmail.com,developer
1099,Kenna,Haerr,Kenna.Haerr@yopmail.com,Kenna.Haerr@gmail.com,doctor
